source,target,type
index.ts,actions/index.ts,Directed
index.ts,util/log.ts,Directed
index.ts,util/selectors.ts,Directed
main.ts,constants.ts,Directed
main.ts,util/getVortexPath.ts,Directed
main.ts,util/requireRemap.ts,Directed
main.ts,util/requireRebuild.ts,Directed
main.ts,util/extensionRequire.ts,Directed
main.ts,util/commandLine.ts,Directed
main.ts,util/fs.ts,Directed
renderer.tsx,util/requireRemap.ts,Directed
renderer.tsx,util/safeForwardToMain.ts,Directed
renderer.tsx,util/requireRebuild.ts,Directed
util/BatchContext.ts,util/util.ts,Directed
util/ConcurrencyLimiter.ts,shared/errors.ts,Directed
util/CustomErrors.ts,util/log.ts,Directed
util/EpicGamesLauncher.ts,util/log.ts,Directed
util/EpicGamesLauncher.ts,util/fs.ts,Directed
util/ExtensionManager.ts,actions/notificationSettings.ts,Directed
util/ExtensionManager.ts,types/INotification.ts,Directed
util/ExtensionManager.ts,util/extensionRequire.ts,Directed
util/ExtensionProvider.ts,util/ExtensionManager.ts,Directed
util/GameStoreHelper.ts,util/fs.ts,Directed
util/GameStoreHelper.ts,types/IGameStore.ts,Directed
util/PresetManager.ts,types/IPreset.gen.ts,Directed
util/StarterInfo.ts,extensions/gamemode_management/types/IGameStored.ts,Directed
util/StarterInfo.ts,extensions/gamemode_management/util/getGame.ts,Directed
util/Steam.ts,types/IGameStore.ts,Directed
util/Steam.ts,util/log.ts,Directed
util/Steam.ts,util/getVortexPath.ts,Directed
util/api.ts,renderer/controls/Icon.tsx,Directed
util/api.ts,extensions/mod_management/util/modReference.ts,Directed
util/api.ts,util/StarterInfo.ts,Directed
util/application.electron.ts,util/application.ts,Directed
util/archives.ts,types/IExtensionContext.ts,Directed
util/checksum.ts,util/fs.ts,Directed
util/commandLine.ts,util/application.ts,Directed
util/devel.ts,util/log.ts,Directed
util/devel.ts,shared/errors.ts,Directed
util/electronRemote.ts,util/log.ts,Directed
util/errorHandling.ts,types/api.ts,Directed
util/errorHandling.ts,util/log.ts,Directed
util/errorHandling.ts,util/genHash.ts,Directed
util/exeIcon.ts,util/electronRemote.ts,Directed
util/extensionRequire.ts,renderer/controls/ReactSelectWrap.tsx,Directed
util/extensionRequire.ts,index.ts,Directed
util/fs.ts,util/errorHandling.ts,Directed
util/fsAtomic.ts,shared/errors.ts,Directed
util/genHash.ts,types/IError.ts,Directed
util/getFileList.ts,util/walk.ts,Directed
util/getNormalizeFunc.ts,util/util.ts,Directed
util/getVortexPath.ts,util/electronRemote.ts,Directed
util/github.ts,util/log.ts,Directed
util/libxmljs.ts,util/util.ts,Directed
util/makeReactive.ts,util/storeHelper.ts,Directed
util/menu.ts,types/IExtensionContext.ts,Directed
util/menu.ts,actions/window.ts,Directed
util/message.ts,actions/notifications.ts,Directed
util/message.ts,util/CustomErrors.ts,Directed
util/message.ts,util/getVortexPath.ts,Directed
util/migrate.ts,types/IState.ts,Directed
util/migrate.ts,util/CustomErrors.ts,Directed
util/network.ts,util/CustomErrors.ts,Directed
util/opn.ts,util/log.ts,Directed
util/requireRebuild.ts,util/getVortexPath.ts,Directed
util/requireRebuild.ts,util/log.ts,Directed
util/requireRemap.ts,util/electron.ts,Directed
util/startupSettings.ts,util/application.ts,Directed
util/storeHelper.ts,extensions/gamemode_management/types/IGameStored.ts,Directed
util/transferPath.ts,extensions/mod_management/stagingDirectory.ts,Directed
util/transferPath.ts,extensions/download_management/util/downloadDirectory.ts,Directed
util/transferPath.ts,util/fs.ts,Directed
util/util.ts,util/CustomErrors.ts,Directed
util/webview.ts,util/electronRemote.ts,Directed
util/webview.ts,util/log.ts,Directed
util/webview.ts,util/util.ts,Directed
util/vortex-run/src/index.ts,util/vortex-run/src/elevated.ts,Directed
types/Extension.ts,types/IExtensionContext.ts,Directed
types/IComponentContext.ts,types/IExtensionContext.ts,Directed
types/IDiscoveredTool.ts,types/ITool.ts,Directed
types/IExtensionContext.ts,extensions/file_based_loadorder/types/types.ts,Directed
types/IExtensionContext.ts,extensions/mod_load_order/types/types.ts,Directed
types/IExtensionContext.ts,types/IActionDefinition.ts,Directed
types/IExtensionContext.ts,renderer/ReduxProp.ts,Directed
types/IGame.ts,extensions/gamemode_management/types/IModType.ts,Directed
types/IGame.ts,types/IState.ts,Directed
types/IGameStore.ts,types/IExtensionContext.ts,Directed
types/IGameStore.ts,types/IExecInfo.ts,Directed
types/II18NProps.ts,util/i18n.ts,Directed
types/IMainPage.ts,renderer/ReduxProp.ts,Directed
types/IState.ts,types/IAttributeState.ts,Directed
types/IState.ts,extensions/collections_integration/types.ts,Directed
types/IState.ts,types/IDialog.ts,Directed
types/IState.ts,extensions/gamemode_management/types/IGameStored.ts,Directed
types/IState.ts,extensions/category_management/types/ICategoryDictionary.ts,Directed
types/ITableAttribute.ts,util/i18n.ts,Directed
types/collections/api.ts,types/collections/IGameSpecificInterfaceProps.ts,Directed
tailwind/components/next/typography/Typography.tsx,tailwind/components/next/utils.ts,Directed
tailwind/components/next/typography/TypographyDemo.tsx,tailwind/components/next/typography/Typography.tsx,Directed
tailwind/components/next/tabs/tabs.context.tsx,tailwind/components/next/utils.ts,Directed
tailwind/components/next/tabs/tab-panel/TabPanel.tsx,tailwind/components/next/utils.ts,Directed
tailwind/components/next/form/select/SelectDemo.tsx,tailwind/components/next/form/select/Select.tsx,Directed
tailwind/components/next/form/input/InputDemo.tsx,tailwind/components/next/form/input/Input.tsx,Directed
tailwind/components/next/form/formfield/FormField.tsx,tailwind/components/next/typography/Typography.tsx,Directed
tailwind/components/next/form/formfield/FormField.tsx,tailwind/components/next/utils.ts,Directed
tailwind/components/next/collectiontile/CollectionTile.tsx,tailwind/components/next/button/Button.tsx,Directed
tailwind/components/next/collectiontile/CollectionTile.tsx,util/selectors.ts,Directed
tailwind/components/next/collectiontile/CollectionTile.tsx,types/IExtensionContext.ts,Directed
tailwind/components/next/collectiontile/CollectionTileDemo.tsx,tailwind/components/next/collectiontile/CollectionTile.tsx,Directed
tailwind/components/next/button/ButtonDemo.tsx,tailwind/components/next/button/Button.tsx,Directed
store/LevelPersist.ts,types/IExtensionContext.ts,Directed
store/LevelPersist.ts,shared/errors.ts,Directed
store/ReduxPersistor.ts,shared/errors.ts,Directed
store/ReduxWatcher.ts,shared/errors.ts,Directed
store/reduxLogger.ts,util/util.ts,Directed
store/store.ts,reducers/index.ts,Directed
store/store.ts,types/IState.ts,Directed
store/store.ts,store/reduxSanity.ts,Directed
store/store.ts,util/fs.ts,Directed
store/store.ts,util/getVortexPath.ts,Directed
renderer/ReduxProp.ts,types/IExtensionContext.ts,Directed
renderer/ReduxProp.ts,util/storeHelper.ts,Directed
renderer/views/Dialog.tsx,actions/notifications.ts,Directed
renderer/views/Dialog.tsx,renderer/controls/Collapse.tsx,Directed
renderer/views/Dialog.tsx,types/IState.ts,Directed
renderer/views/DialogContainer.tsx,renderer/controls/ErrorBoundary.tsx,Directed
renderer/views/DialogContainer.tsx,renderer/controls/ComponentEx.ts,Directed
renderer/views/DialogContainer.tsx,renderer/controls/ExtensionGate.tsx,Directed
renderer/views/GlobalOverlay.tsx,renderer/controls/IconBar.tsx,Directed
renderer/views/MainFooter.tsx,renderer/controls/ComponentEx.ts,Directed
renderer/views/MainOverlay.tsx,renderer/controls/IconBar.tsx,Directed
renderer/views/MainPage.tsx,renderer/views/MainPageBody.tsx,Directed
renderer/views/MainPage.tsx,renderer/controls/ComponentEx.ts,Directed
renderer/views/MainPageContainer.tsx,util/errorHandling.ts,Directed
renderer/views/MainPageContainer.tsx,types/IMainPage.ts,Directed
renderer/views/MainPageContainer.tsx,renderer/controls/ExtensionGate.tsx,Directed
renderer/views/MainPageContainer.tsx,renderer/controls/Icon.tsx,Directed
renderer/views/MainPageHeader.tsx,renderer/controls/ComponentEx.ts,Directed
renderer/views/MainPageHeader.tsx,types/IExtensionContext.ts,Directed
renderer/views/MainWindow.tsx,actions/window.ts,Directed
renderer/views/MainWindow.tsx,renderer/controls/Banner.tsx,Directed
renderer/views/MainWindow.tsx,renderer/controls/DynDiv.tsx,Directed
renderer/views/MainWindow.tsx,renderer/views/DNDContainer.tsx,Directed
renderer/views/MainWindow.tsx,util/log.ts,Directed
renderer/views/Notification.tsx,renderer/controls/Dropdown.tsx,Directed
renderer/views/Notification.tsx,renderer/controls/ComponentEx.ts,Directed
renderer/views/Notification.tsx,renderer/controls/PortalMenu.tsx,Directed
renderer/views/Notification.tsx,renderer/controls/Spinner.tsx,Directed
renderer/views/NotificationButton.tsx,actions/notificationSettings.ts,Directed
renderer/views/NotificationButton.tsx,types/IState.ts,Directed
renderer/views/OverlayContainer.tsx,renderer/controls/ExtensionGate.tsx,Directed
renderer/views/QuickLauncher.tsx,renderer/controls/TooltipControls.tsx,Directed
renderer/views/QuickLauncher.tsx,extensions/gamemode_management/types/IGameStored.ts,Directed
renderer/views/Settings.tsx,util/lazyRequire.ts,Directed
renderer/views/Settings.tsx,renderer/views/MainPage.tsx,Directed
renderer/views/Settings.tsx,renderer/controls/EmptyPlaceholder.tsx,Directed
renderer/views/Settings.tsx,types/IState.ts,Directed
renderer/views/Settings.tsx,actions/session.ts,Directed
renderer/views/Settings.tsx,util/startupSettings.ts,Directed
renderer/views/api.ts,renderer/views/MainWindow.tsx,Directed
renderer/controls/ActionContextMenu.tsx,types/IExtensionProvider.ts,Directed
renderer/controls/ActionControl.tsx,shared/errors.ts,Directed
renderer/controls/ActionControl.tsx,util/ExtensionManager.ts,Directed
renderer/controls/ActionDropdown.tsx,util/i18n.ts,Directed
renderer/controls/ActionDropdown.tsx,types/IActionDefinition.ts,Directed
renderer/controls/ActionDropdown.tsx,renderer/controls/constants.ts,Directed
renderer/controls/Banner.tsx,types/IExtensionProvider.ts,Directed
renderer/controls/Collapse.tsx,renderer/controls/ComponentEx.ts,Directed
renderer/controls/ComponentEx.ts,util/util.ts,Directed
renderer/controls/ComponentEx.ts,types/IComponentContext.ts,Directed
renderer/controls/CopyClipboardInput.tsx,renderer/controls/TooltipControls.tsx,Directed
renderer/controls/Dashlet.tsx,util/util.ts,Directed
renderer/controls/DraggableList.tsx,renderer/controls/ComponentEx.ts,Directed
renderer/controls/Dropzone.tsx,actions/notifications.ts,Directed
renderer/controls/Dropzone.tsx,util/util.ts,Directed
renderer/controls/Dropzone.tsx,types/IState.ts,Directed
renderer/controls/DynDiv.tsx,types/IDynDivOptions.ts,Directed
renderer/controls/EmptyPlaceholder.tsx,renderer/controls/Icon.tsx,Directed
renderer/controls/ErrorBoundary.tsx,util/errorHandling.ts,Directed
renderer/controls/ErrorBoundary.tsx,renderer/controls/Icon.tsx,Directed
renderer/controls/ErrorBoundary.tsx,util/application.ts,Directed
renderer/controls/ErrorBoundary.tsx,renderer/controls/ComponentEx.ts,Directed
renderer/controls/ExtensionGate.tsx,util/log.ts,Directed
renderer/controls/FormFields.tsx,renderer/controls/FormFeedback.tsx,Directed
renderer/controls/FormInput.tsx,util/Debouncer.ts,Directed
renderer/controls/FormInput.tsx,types/ITableAttribute.ts,Directed
renderer/controls/Icon.tsx,util/log.ts,Directed
renderer/controls/Icon.tsx,util/getVortexPath.ts,Directed
renderer/controls/IconBar.tsx,types/IExtensionProvider.ts,Directed
renderer/controls/IconBar.tsx,renderer/controls/Icon.tsx,Directed
renderer/controls/IconBar.tsx,types/IActionDefinition.ts,Directed
renderer/controls/IconBar.tsx,renderer/controls/ToolbarDropdown.tsx,Directed
renderer/controls/IconBar.tsx,util/util.ts,Directed
renderer/controls/InputButton.tsx,util/storeHelper.ts,Directed
renderer/controls/Modal.tsx,util/MutexContext.ts,Directed
renderer/controls/PlaceholderTextArea.tsx,renderer/views/MainWindow.tsx,Directed
renderer/controls/PortalMenu.tsx,renderer/controls/Dropdown.tsx,Directed
renderer/controls/Step.tsx,renderer/controls/Icon.tsx,Directed
renderer/controls/Steps.tsx,renderer/controls/Step.tsx,Directed
renderer/controls/Table.tsx,types/IActionDefinition.ts,Directed
renderer/controls/Table.tsx,types/IState.ts,Directed
renderer/controls/Table.tsx,types/SortDirection.ts,Directed
renderer/controls/Table.tsx,types/IAttributeState.ts,Directed
renderer/controls/Table.tsx,renderer/controls/Usage.tsx,Directed
renderer/controls/Toggle.tsx,renderer/controls/Icon.tsx,Directed
renderer/controls/ToolIcon.tsx,renderer/controls/TooltipControls.tsx,Directed
renderer/controls/ToolIcon.tsx,renderer/controls/Icon.tsx,Directed
renderer/controls/ToolbarIcon.tsx,renderer/controls/Icon.tsx,Directed
renderer/controls/ToolbarIcon.tsx,renderer/controls/TooltipControls.tsx,Directed
renderer/controls/Usage.tsx,renderer/controls/ComponentEx.ts,Directed
renderer/controls/Webview.tsx,util/log.ts,Directed
renderer/controls/api.ts,renderer/controls/ActionContextMenu.tsx,Directed
renderer/controls/api.ts,renderer/controls/Dropzone.tsx,Directed
renderer/controls/api.ts,renderer/controls/DraggableList.tsx,Directed
renderer/controls/api.ts,renderer/controls/FormFeedback.tsx,Directed
renderer/controls/api.ts,renderer/controls/table/OptionsFilter.tsx,Directed
renderer/controls/table/DateTimeFilter.tsx,renderer/controls/TooltipControls.tsx,Directed
renderer/controls/table/GameFilter.tsx,extensions/gamemode_management/constants.ts,Directed
renderer/controls/table/GroupingRow.tsx,renderer/controls/table/MyTable.tsx,Directed
renderer/controls/table/GroupingRow.tsx,renderer/controls/ActionControl.tsx,Directed
renderer/controls/table/HeaderCell.tsx,types/SortDirection.ts,Directed
renderer/controls/table/HeaderCell.tsx,types/IAttributeState.ts,Directed
renderer/controls/table/OptionsFilter.tsx,util/util.ts,Directed
renderer/controls/table/SortIndicator.tsx,types/SortDirection.ts,Directed
renderer/controls/table/TableDetail.tsx,util/i18n.ts,Directed
renderer/controls/table/TableDetail.tsx,renderer/controls/ComponentEx.ts,Directed
renderer/controls/table/TableRow.tsx,renderer/controls/ActionDropdown.tsx,Directed
renderer/controls/table/TableRow.tsx,renderer/controls/ActionContextMenu.tsx,Directed
renderer/controls/bbcode/LinkTag.tsx,renderer/controls/ErrorBoundary.tsx,Directed
renderer/controls/bbcode/MoreTag.tsx,renderer/controls/More.tsx,Directed
renderer/controls/bbcode/SpoilerTag.tsx,util/i18n.ts,Directed
renderer/controls/bbcode/index.ts,renderer/controls/bbcode/HeadingTag.tsx,Directed
renderer/controls/bbcode/index.ts,renderer/controls/bbcode/LinkTag.tsx,Directed
renderer/controls/bbcode/index.ts,renderer/controls/bbcode/BrTag.tsx,Directed
reducers/app.ts,actions/app.ts,Directed
reducers/app.ts,util/storeHelper.ts,Directed
reducers/index.ts,types/Extension.ts,Directed
reducers/index.ts,types/IExtensionContext.ts,Directed
reducers/index.ts,reducers/user.ts,Directed
reducers/index.ts,util/CustomErrors.ts,Directed
reducers/loadOrder.ts,util/storeHelper.ts,Directed
reducers/loadOrder.ts,types/IExtensionContext.ts,Directed
reducers/tables.ts,types/IExtensionContext.ts,Directed
reducers/tables.ts,actions/tables.ts,Directed
reducers/user.ts,actions/user.ts,Directed
reducers/window.ts,actions/window.ts,Directed
reducers/window.ts,types/IExtensionContext.ts,Directed
main/Application.ts,extensions/nexus_integration/constants.ts,Directed
main/Application.ts,util/commandLine.ts,Directed
main/Application.ts,types/IPreset.ts,Directed
main/Application.ts,types/IState.ts,Directed
main/Application.ts,util/fs.ts,Directed
main/Application.ts,util/ExtensionManager.ts,Directed
main/Application.ts,types/IExtensionContext.ts,Directed
main/Application.ts,util/PresetManager.ts,Directed
main/Application.ts,store/reduxSanity.ts,Directed
main/Application.ts,main/MainWindow.ts,Directed
main/Application.ts,main/TrayIcon.ts,Directed
main/MainWindow.ts,types/IExtensionContext.ts,Directed
main/MainWindow.ts,actions/notifications.ts,Directed
main/MainWindow.ts,main/TrayIcon.ts,Directed
main/MainWindow.ts,util/Debouncer.ts,Directed
main/MainWindow.ts,util/getVortexPath.ts,Directed
main/MainWindow.ts,util/storeHelper.ts,Directed
main/TrayIcon.ts,types/api.ts,Directed
extensions/updater/SettingsUpdate.tsx,util/log.ts,Directed
extensions/updater/SettingsUpdate.tsx,extensions/updater/actions.ts,Directed
extensions/updater/SettingsUpdate.tsx,types/IState.ts,Directed
extensions/updater/autoupdater.ts,util/opn.ts,Directed
extensions/updater/autoupdater.ts,extensions/nexus_integration/constants.ts,Directed
extensions/updater/autoupdater.ts,util/api.ts,Directed
extensions/updater/index.ts,types/IExtensionContext.ts,Directed
extensions/updater/index.ts,extensions/updater/autoupdater.ts,Directed
extensions/test_runner/index.ts,actions/notifications.ts,Directed
extensions/test_runner/index.ts,shared/errors.ts,Directed
extensions/tailwind_dev/index.ts,types/IExtensionContext.ts,Directed
extensions/tailwind_dev/views/TailwindPage.tsx,renderer/views/MainPage.tsx,Directed
extensions/symlink_activator_elevate/Settings.tsx,types/IState.ts,Directed
extensions/symlink_activator_elevate/Settings.tsx,actions/notifications.ts,Directed
extensions/symlink_activator_elevate/reducers.ts,types/IExtensionContext.ts,Directed
extensions/symlink_activator_elevate/reducers.ts,extensions/symlink_activator_elevate/actions.ts,Directed
extensions/symlink_activator/index.ts,types/IGame.ts,Directed
extensions/symlink_activator/index.ts,util/selectors.ts,Directed
extensions/symlink_activator/index.ts,extensions/gamemode_management/util/getGame.ts,Directed
extensions/sticky_mods/index.ts,types/IState.ts,Directed
extensions/starter_dashlet/AddToolButton.tsx,renderer/controls/Dropdown.tsx,Directed
extensions/starter_dashlet/AddToolButton.tsx,util/StarterInfo.ts,Directed
extensions/starter_dashlet/BoxWithHandle.tsx,renderer/controls/Icon.tsx,Directed
extensions/starter_dashlet/Environment.tsx,util/i18n.ts,Directed
extensions/starter_dashlet/Tool.tsx,extensions/starter_dashlet/BoxWithHandle.tsx,Directed
extensions/starter_dashlet/ToolEditDialog.tsx,renderer/controls/FormFields.tsx,Directed
extensions/starter_dashlet/ToolEditDialog.tsx,actions/session.ts,Directed
extensions/starter_dashlet/ToolEditDialog.tsx,renderer/controls/Toggle.tsx,Directed
extensions/starter_dashlet/Tools.tsx,actions/notifications.ts,Directed
extensions/starter_dashlet/Tools.tsx,renderer/controls/Dashlet.tsx,Directed
extensions/starter_dashlet/Tools.tsx,types/IDiscoveredTool.ts,Directed
extensions/starter_dashlet/Tools.tsx,renderer/controls/FlexLayout.tsx,Directed
extensions/starter_dashlet/Tools.tsx,extensions/starter_dashlet/types.ts,Directed
extensions/starter_dashlet/Tools.tsx,renderer/views/MainWindow.tsx,Directed
extensions/starter_dashlet/index.ts,util/selectors.ts,Directed
extensions/starter_dashlet/index.ts,types/ITestResult.ts,Directed
extensions/starter_dashlet/index.ts,extensions/starter_dashlet/actions.ts,Directed
extensions/starter_dashlet/reducers.ts,util/storeHelper.ts,Directed
extensions/starter_dashlet/reducers.ts,extensions/starter_dashlet/actions.ts,Directed
extensions/starter_dashlet/util.ts,util/Debouncer.ts,Directed
extensions/starter_dashlet/util.ts,util/fs.ts,Directed
extensions/starter_dashlet/util.ts,util/exeIcon.ts,Directed
extensions/starter_dashlet/util.ts,extensions/starter_dashlet/types.ts,Directed
extensions/settings_metaserver/SettingsMetaserver.tsx,renderer/controls/Icon.tsx,Directed
extensions/settings_metaserver/SettingsMetaserver.tsx,util/log.ts,Directed
extensions/settings_metaserver/SettingsMetaserver.tsx,util/i18n.ts,Directed
extensions/settings_metaserver/SettingsMetaserver.tsx,extensions/settings_metaserver/texts.ts,Directed
extensions/settings_metaserver/SettingsMetaserver.tsx,renderer/controls/More.tsx,Directed
extensions/settings_metaserver/index.ts,extensions/settings_metaserver/reducers.ts,Directed
extensions/settings_metaserver/index.ts,renderer/controls/LazyComponent.tsx,Directed
extensions/settings_metaserver/index.ts,extensions/settings_metaserver/SettingsMetaserver.tsx,Directed
extensions/settings_metaserver/reducers.ts,types/IExtensionContext.ts,Directed
extensions/settings_interface/SettingsInterface.tsx,actions/notifications.ts,Directed
extensions/settings_interface/SettingsInterface.tsx,renderer/controls/More.tsx,Directed
extensions/settings_interface/SettingsInterface.tsx,util/getVortexPath.ts,Directed
extensions/settings_interface/SettingsInterface.tsx,types/IState.ts,Directed
extensions/settings_interface/SettingsInterface.tsx,actions/notificationSettings.ts,Directed
extensions/settings_interface/index.ts,types/IState.ts,Directed
extensions/settings_interface/index.ts,types/IExtensionContext.ts,Directed
extensions/settings_interface/reducers/automation.ts,types/IState.ts,Directed
extensions/settings_interface/reducers/interface.ts,types/IExtensionContext.ts,Directed
extensions/settings_interface/reducers/interface.ts,extensions/settings_interface/actions/interface.ts,Directed
extensions/settings_application/SettingsVortex.tsx,types/IState.ts,Directed
extensions/settings_application/SettingsVortex.tsx,util/commandLine.ts,Directed
extensions/settings_application/SettingsVortex.tsx,actions/user.ts,Directed
extensions/settings_application/index.ts,types/IExtensionContext.ts,Directed
extensions/settings_application/index.ts,extensions/settings_application/SettingsVortex.tsx,Directed
extensions/recovery/Workarounds.tsx,util/relativeTime.ts,Directed
extensions/recovery/index.ts,types/IDialog.ts,Directed
extensions/recovery/index.ts,util/selectors.ts,Directed
extensions/recovery/index.ts,extensions/recovery/Workarounds.tsx,Directed
extensions/recovery/index.ts,types/api.ts,Directed
extensions/recovery/index.ts,extensions/gamemode_management/util/getGame.ts,Directed
extensions/profile_management/index.ts,actions/notifications.ts,Directed
extensions/profile_management/index.ts,types/IPreset.ts,Directed
extensions/profile_management/index.ts,util/getVortexPath.ts,Directed
extensions/profile_management/index.ts,util/message.ts,Directed
extensions/profile_management/index.ts,util/onceCB.ts,Directed
extensions/profile_management/index.ts,util/storeHelper.ts,Directed
extensions/profile_management/index.ts,util/log.ts,Directed
extensions/profile_management/selectors.ts,util/storeHelper.ts,Directed
extensions/profile_management/selectors.ts,types/IState.ts,Directed
extensions/profile_management/views/Connector.tsx,extensions/profile_management/views/Line.tsx,Directed
extensions/profile_management/views/ProfileItem.tsx,renderer/controls/api.ts,Directed
extensions/profile_management/views/ProfileView.tsx,actions/notifications.ts,Directed
extensions/profile_management/views/ProfileView.tsx,extensions/profile_management/actions/profiles.ts,Directed
extensions/profile_management/views/ProfileView.tsx,extensions/profile_management/views/ProfileItem.tsx,Directed
extensions/profile_management/views/TransferDialog.tsx,types/IState.ts,Directed
extensions/profile_management/views/TransferDialog.tsx,renderer/controls/TooltipControls.tsx,Directed
extensions/profile_management/views/TransferIcon.tsx,renderer/controls/TooltipControls.tsx,Directed
extensions/profile_management/util/manage.ts,util/getVortexPath.ts,Directed
extensions/profile_management/reducers/profiles.ts,extensions/profile_management/types/IProfile.ts,Directed
extensions/profile_management/reducers/profiles.ts,types/IExtensionContext.ts,Directed
extensions/profile_management/reducers/transferSetup.ts,types/IExtensionContext.ts,Directed
extensions/profile_management/actions/profiles.ts,actions/safeCreateAction.ts,Directed
extensions/profile_management/actions/profiles.ts,extensions/profile_management/selectors.ts,Directed
extensions/onboarding_dashlet/actions.ts,actions/safeCreateAction.ts,Directed
extensions/onboarding_dashlet/index.ts,util/opn.ts,Directed
extensions/onboarding_dashlet/index.ts,types/IExtensionContext.ts,Directed
extensions/onboarding_dashlet/index.ts,extensions/nexus_integration/util/convertGameId.ts,Directed
extensions/onboarding_dashlet/reducers.ts,extensions/onboarding_dashlet/actions.ts,Directed
extensions/onboarding_dashlet/views/Overlay.tsx,renderer/controls/Icon.tsx,Directed
extensions/null_activator/index.ts,types/IGame.ts,Directed
extensions/nexus_integration/NXMUrl.ts,util/CustomErrors.ts,Directed
extensions/nexus_integration/attributes.tsx,util/storeHelper.ts,Directed
extensions/nexus_integration/attributes.tsx,extensions/nexus_integration/util/guessModID.ts,Directed
extensions/nexus_integration/eventHandlers.ts,types/IState.ts,Directed
extensions/nexus_integration/eventHandlers.ts,util/fs.ts,Directed
extensions/nexus_integration/eventHandlers.ts,extensions/news_dashlet/types.ts,Directed
extensions/nexus_integration/eventHandlers.ts,extensions/gamemode_management/constants.ts,Directed
extensions/nexus_integration/eventHandlers.ts,extensions/nexus_integration/util/submitFeedback.ts,Directed
extensions/nexus_integration/eventHandlers.ts,extensions/nexus_integration/util/oauth.ts,Directed
extensions/nexus_integration/index.tsx,util/application.ts,Directed
extensions/nexus_integration/index.tsx,util/Debouncer.ts,Directed
extensions/nexus_integration/index.tsx,actions/notifications.ts,Directed
extensions/nexus_integration/index.tsx,types/IState.ts,Directed
extensions/nexus_integration/index.tsx,types/IModLookupResult.ts,Directed
extensions/nexus_integration/index.tsx,util/storeHelper.ts,Directed
extensions/nexus_integration/index.tsx,extensions/category_management/types/ICategoryDictionary.ts,Directed
extensions/nexus_integration/index.tsx,extensions/download_management/types/ProtocolHandlers.ts,Directed
extensions/nexus_integration/index.tsx,extensions/nexus_integration/util/retrieveCategories.ts,Directed
extensions/nexus_integration/index.tsx,extensions/nexus_integration/util/checkModsVersion.ts,Directed
extensions/nexus_integration/index.tsx,extensions/download_management/DownloadManager.ts,Directed
extensions/nexus_integration/index.tsx,extensions/nexus_integration/eventHandlers.ts,Directed
extensions/nexus_integration/index.tsx,extensions/nexus_integration/views/Settings.tsx,Directed
extensions/nexus_integration/util.ts,extensions/nexus_integration/util/UIDs.ts,Directed
extensions/nexus_integration/util.ts,types/IExtensionContext.ts,Directed
extensions/nexus_integration/util.ts,util/log.ts,Directed
extensions/nexus_integration/util.ts,util/fs.ts,Directed
extensions/nexus_integration/util.ts,extensions/download_management/DownloadManager.ts,Directed
extensions/nexus_integration/util.ts,extensions/nexus_integration/util/endorseMod.ts,Directed
extensions/nexus_integration/views/DashboardBanner.tsx,util/CustomErrors.ts,Directed
extensions/nexus_integration/views/DashboardBanner.tsx,util/getVortexPath.ts,Directed
extensions/nexus_integration/views/DashboardBanner.tsx,renderer/controls/Image.tsx,Directed
extensions/nexus_integration/views/EndorseModButton.tsx,renderer/controls/Icon.tsx,Directed
extensions/nexus_integration/views/FreeUserDLDialog.tsx,extensions/nexus_integration/constants.ts,Directed
extensions/nexus_integration/views/FreeUserDLDialog.tsx,extensions/nexus_integration/NXMUrl.ts,Directed
extensions/nexus_integration/views/FreeUserDLDialog.tsx,extensions/nexus_integration/util/UIDs.ts,Directed
extensions/nexus_integration/views/FreeUserDLDialog.tsx,extensions/nexus_integration/views/NewFreeDownloadModal.tsx,Directed
extensions/nexus_integration/views/GoPremiumDashlet.tsx,renderer/controls/Dashlet.tsx,Directed
extensions/nexus_integration/views/GoPremiumDashlet.tsx,util/util.ts,Directed
extensions/nexus_integration/views/GoPremiumDashlet.tsx,renderer/controls/FlexLayout.tsx,Directed
extensions/nexus_integration/views/GoPremiumDashlet.tsx,renderer/controls/Image.tsx,Directed
extensions/nexus_integration/views/GoPremiumDashlet.tsx,extensions/nexus_integration/constants.ts,Directed
extensions/nexus_integration/views/LoginDialog.tsx,util/CustomErrors.ts,Directed
extensions/nexus_integration/views/LoginDialog.tsx,extensions/nexus_integration/util/sso.ts,Directed
extensions/nexus_integration/views/LoginDialog.tsx,actions/notifications.ts,Directed
extensions/nexus_integration/views/LoginIcon.tsx,extensions/nexus_integration/types/IValidateKeyData.ts,Directed
extensions/nexus_integration/views/LoginIcon.tsx,extensions/nexus_integration/selectors.ts,Directed
extensions/nexus_integration/views/Settings.tsx,renderer/controls/TooltipControls.tsx,Directed
extensions/nexus_integration/views/Settings.tsx,renderer/controls/Icon.tsx,Directed
extensions/nexus_integration/util/UIDs.ts,extensions/nexus_integration/util/convertGameId.ts,Directed
extensions/nexus_integration/util/checkModsVersion.ts,util/util.ts,Directed
extensions/nexus_integration/util/checkModsVersion.ts,util/log.ts,Directed
extensions/nexus_integration/util/checkModsVersion.ts,types/IExtensionContext.ts,Directed
extensions/nexus_integration/util/chromeAllowScheme.ts,util/storeHelper.ts,Directed
extensions/nexus_integration/util/chromeAllowScheme.ts,util/fs.ts,Directed
extensions/nexus_integration/util/chromePath.ts,util/util.ts,Directed
extensions/nexus_integration/util/convertGameId.ts,types/IGame.ts,Directed
extensions/nexus_integration/util/convertGameId.ts,util/util.ts,Directed
extensions/nexus_integration/util/convertGameId.ts,extensions/gamemode_management/constants.ts,Directed
extensions/nexus_integration/util/guessModID.ts,util/util.ts,Directed
extensions/nexus_integration/util/guessModID.ts,util/CustomErrors.ts,Directed
extensions/nexus_integration/util/guessModID.ts,extensions/gamemode_management/util/getGame.ts,Directed
extensions/nexus_integration/util/oauth.ts,util/log.ts,Directed
extensions/nexus_integration/util/retrieveCategories.ts,util/log.ts,Directed
extensions/nexus_integration/util/retrieveCategories.ts,shared/errors.ts,Directed
extensions/nexus_integration/util/sso.ts,extensions/nexus_integration/constants.ts,Directed
extensions/nexus_integration/util/tracking.tsx,renderer/controls/TooltipControls.tsx,Directed
extensions/nexus_integration/util/tracking.tsx,types/IExtensionContext.ts,Directed
extensions/nexus_integration/util/tracking.tsx,util/util.ts,Directed
extensions/nexus_integration/types/INexusAPIExtension.ts,extensions/mod_management/types/IMod.ts,Directed
extensions/nexus_integration/reducers/account.ts,extensions/nexus_integration/actions/account.ts,Directed
extensions/nexus_integration/reducers/account.ts,types/IExtensionContext.ts,Directed
extensions/nexus_integration/reducers/persistent.ts,types/IExtensionContext.ts,Directed
extensions/nexus_integration/reducers/session.ts,extensions/nexus_integration/actions/session.ts,Directed
extensions/nexus_integration/reducers/session.ts,util/storeHelper.ts,Directed
extensions/nexus_integration/reducers/session.ts,types/IExtensionContext.ts,Directed
extensions/nexus_integration/reducers/settings.ts,types/IExtensionContext.ts,Directed
extensions/nexus_integration/actions/persistent.ts,actions/safeCreateAction.ts,Directed
extensions/nexus_integration/actions/session.ts,actions/safeCreateAction.ts,Directed
extensions/news_dashlet/BaseDashlet.tsx,renderer/controls/TooltipControls.tsx,Directed
extensions/news_dashlet/BaseDashlet.tsx,renderer/controls/Icon.tsx,Directed
extensions/news_dashlet/BaseDashlet.tsx,renderer/controls/Dashlet.tsx,Directed
extensions/news_dashlet/RSSDashlet.tsx,util/util.ts,Directed
extensions/news_dashlet/RSSDashlet.tsx,extensions/news_dashlet/rss.ts,Directed
extensions/move_activator/index.ts,types/IGame.ts,Directed
extensions/move_activator/index.ts,extensions/mod_management/LinkingDeployment.ts,Directed
extensions/move_activator/index.ts,util/CustomErrors.ts,Directed
extensions/move_activator/index.ts,actions/session.ts,Directed
extensions/mod_spotlights_dashlet/ModSpotlightsDashlet.tsx,renderer/controls/TooltipControls.tsx,Directed
extensions/mod_spotlights_dashlet/index.ts,types/IExtensionContext.ts,Directed
extensions/mod_spotlights_dashlet/index.ts,types/IState.ts,Directed
extensions/mod_spotlights_dashlet/index.ts,extensions/mod_spotlights_dashlet/ModSpotlightsDashlet.tsx,Directed
extensions/mod_spotlights_dashlet/index.ts,util/log.ts,Directed
extensions/mod_management/InstallContext.ts,types/IState.ts,Directed
extensions/mod_management/InstallContext.ts,types/INotification.ts,Directed
extensions/mod_management/InstallContext.ts,actions/session.ts,Directed
extensions/mod_management/InstallContext.ts,extensions/download_management/actions/state.ts,Directed
extensions/mod_management/InstallContext.ts,extensions/mod_management/types/IInstallContext.ts,Directed
extensions/mod_management/InstallManager.ts,types/IDialog.ts,Directed
extensions/mod_management/InstallManager.ts,util/storeHelper.ts,Directed
extensions/mod_management/InstallManager.ts,util/BatchContext.ts,Directed
extensions/mod_management/InstallManager.ts,extensions/gamemode_management/types/IModType.ts,Directed
extensions/mod_management/InstallManager.ts,extensions/category_management/util/retrieveCategoryPath.ts,Directed
extensions/mod_management/InstallManager.ts,extensions/mod_management/util/cSharpScriptAllowList.ts,Directed
extensions/mod_management/InstallManager.ts,extensions/mod_management/InstallContext.ts,Directed
extensions/mod_management/InstallManager.ts,util/walk.ts,Directed
extensions/mod_management/InstallManager.ts,extensions/mod_management/util/metaLookupMatch.ts,Directed
extensions/mod_management/InstallManager.ts,extensions/mod_management/modIdManager.ts,Directed
extensions/mod_management/InstallManager.ts,extensions/mod_management/types/IInstallOptions.ts,Directed
extensions/mod_management/InstallManager.ts,types/IExtensionContext.ts,Directed
extensions/mod_management/InstallManager.ts,types/IState.ts,Directed
extensions/mod_management/InstallManager.ts,util/ConcurrencyLimiter.ts,Directed
extensions/mod_management/InstallManager.ts,extensions/mod_management/NotificationAggregator.ts,Directed
extensions/mod_management/InstallManager.ts,util/fs.ts,Directed
extensions/mod_management/InstallManager.ts,util/i18n.ts,Directed
extensions/mod_management/InstallManager.ts,util/log.ts,Directed
extensions/mod_management/InstallManager.ts,util/message.ts,Directed
extensions/mod_management/InstallManager.ts,util/calculateFolderSize.ts,Directed
extensions/mod_management/InstallManager.ts,extensions/download_management/types/IDownload.ts,Directed
extensions/mod_management/InstallManager.ts,extensions/download_management/util/getDownloadGames.ts,Directed
extensions/mod_management/InstallManager.ts,extensions/gamemode_management/selectors.ts,Directed
extensions/mod_management/InstallManager.ts,extensions/gamemode_management/util/getGame.ts,Directed
extensions/mod_management/InstallManager.ts,extensions/mod_management/util/modName.ts,Directed
extensions/mod_management/InstallManager.ts,extensions/nexus_integration/util/convertGameId.ts,Directed
extensions/mod_management/InstallManager.ts,extensions/mod_management/types/IInstallContext.ts,Directed
extensions/mod_management/InstallManager.ts,extensions/mod_management/types/IModInstaller.ts,Directed
extensions/mod_management/InstallManager.ts,extensions/mod_management/types/InstallFunc.ts,Directed
extensions/mod_management/InstallManager.ts,extensions/mod_management/util/filterModInfo.ts,Directed
extensions/mod_management/InstallManager.ts,extensions/mod_management/util/queryGameId.ts,Directed
extensions/mod_management/InstallManager.ts,extensions/mod_management/listInstaller.tsx,Directed
extensions/mod_management/InstallManager.ts,extensions/mod_management/stagingDirectory.ts,Directed
extensions/mod_management/InstallManager.ts,extensions/collections_integration/util.ts,Directed
extensions/mod_management/LinkingDeployment.ts,actions/notifications.ts,Directed
extensions/mod_management/LinkingDeployment.ts,util/getNormalizeFunc.ts,Directed
extensions/mod_management/LinkingDeployment.ts,types/IState.ts,Directed
extensions/mod_management/LinkingDeployment.ts,util/log.ts,Directed
extensions/mod_management/LinkingDeployment.ts,extensions/mod_management/util/BlacklistSet.ts,Directed
extensions/mod_management/NotificationAggregator.ts,util/log.ts,Directed
extensions/mod_management/eventHandlers.ts,types/IState.ts,Directed
extensions/mod_management/eventHandlers.ts,types/IDialog.ts,Directed
extensions/mod_management/eventHandlers.ts,util/errorHandling.ts,Directed
extensions/mod_management/eventHandlers.ts,types/IExtensionContext.ts,Directed
extensions/mod_management/eventHandlers.ts,util/fs.ts,Directed
extensions/mod_management/eventHandlers.ts,actions/session.ts,Directed
extensions/mod_management/eventHandlers.ts,util/application.ts,Directed
extensions/mod_management/eventHandlers.ts,extensions/download_management/types/IDownload.ts,Directed
extensions/mod_management/eventHandlers.ts,util/util.ts,Directed
extensions/mod_management/eventHandlers.ts,extensions/gamemode_management/util/modTypeExtensions.ts,Directed
extensions/mod_management/eventHandlers.ts,shared/errors.ts,Directed
extensions/mod_management/eventHandlers.ts,extensions/mod_management/types/IDeploymentManifest.ts,Directed
extensions/mod_management/eventHandlers.ts,util/getNormalizeFunc.ts,Directed
extensions/mod_management/index.ts,types/IGame.ts,Directed
extensions/mod_management/index.ts,types/ITestResult.ts,Directed
extensions/mod_management/index.ts,util/Debouncer.ts,Directed
extensions/mod_management/index.ts,types/IState.ts,Directed
extensions/mod_management/index.ts,util/fs.ts,Directed
extensions/mod_management/index.ts,extensions/mod_management/actions/deployment.ts,Directed
extensions/mod_management/index.ts,extensions/mod_management/types/IInstallOptions.ts,Directed
extensions/mod_management/index.ts,util/storeHelper.ts,Directed
extensions/mod_management/index.ts,extensions/mod_management/util/filterModInfo.ts,Directed
extensions/mod_management/index.ts,types/INotification.ts,Directed
extensions/mod_management/index.ts,extensions/mod_management/util/BlacklistSet.ts,Directed
extensions/mod_management/index.ts,extensions/mod_management/util/allTypesSupported.ts,Directed
extensions/mod_management/index.ts,extensions/mod_management/views/ModList.tsx,Directed
extensions/mod_management/listInstaller.tsx,util/checksum.ts,Directed
extensions/mod_management/listInstaller.tsx,extensions/mod_management/types/InstallFunc.ts,Directed
extensions/mod_management/modActivation.ts,extensions/mod_management/util/BlacklistSet.ts,Directed
extensions/mod_management/modActivation.ts,util/log.ts,Directed
extensions/mod_management/modActivation.ts,extensions/mod_management/modMerging.ts,Directed
extensions/mod_management/modActivation.ts,util/util.ts,Directed
extensions/mod_management/modActivation.ts,util/CustomErrors.ts,Directed
extensions/mod_management/modActivation.ts,util/fs.ts,Directed
extensions/mod_management/modActivation.ts,extensions/mod_management/types/IMod.ts,Directed
extensions/mod_management/modAttributes.tsx,renderer/controls/ZoomableImage.tsx,Directed
extensions/mod_management/modAttributes.tsx,util/storeHelper.ts,Directed
extensions/mod_management/modAttributes.tsx,renderer/controls/table/DateTimeFilter.tsx,Directed
extensions/mod_management/modAttributes.tsx,util/relativeTime.ts,Directed
extensions/mod_management/modMerging.ts,types/IGame.ts,Directed
extensions/mod_management/selectors.ts,types/IState.ts,Directed
extensions/mod_management/stagingDirectory.ts,types/IExtensionContext.ts,Directed
extensions/mod_management/stagingDirectory.ts,types/IDialog.ts,Directed
extensions/mod_management/stagingDirectory.ts,util/fs.ts,Directed
extensions/mod_management/stagingDirectory.ts,extensions/mod_management/util/getInstallPath.ts,Directed
extensions/mod_management/stagingDirectory.ts,util/util.ts,Directed
extensions/mod_management/stagingDirectory.ts,util/selectors.ts,Directed
extensions/mod_management/stagingDirectory.ts,shared/errors.ts,Directed
extensions/mod_management/views/ActivationButton.tsx,renderer/controls/ToolbarIcon.tsx,Directed
extensions/mod_management/views/ActivationButton.tsx,types/IState.ts,Directed
extensions/mod_management/views/ActivationButton.tsx,actions/notifications.ts,Directed
extensions/mod_management/views/Author.tsx,renderer/controls/TooltipControls.tsx,Directed
extensions/mod_management/views/Author.tsx,extensions/mod_management/actions/mods.ts,Directed
extensions/mod_management/views/CheckModVersionsButton.tsx,extensions/profile_management/types/IProfile.ts,Directed
extensions/mod_management/views/CheckModVersionsButton.tsx,renderer/controls/IconBar.tsx,Directed
extensions/mod_management/views/CheckModVersionsButton.tsx,util/selectors.ts,Directed
extensions/mod_management/views/DeactivationButton.tsx,actions/notifications.ts,Directed
extensions/mod_management/views/DeactivationButton.tsx,renderer/controls/ToolbarIcon.tsx,Directed
extensions/mod_management/views/DeactivationButton.tsx,util/storeHelper.ts,Directed
extensions/mod_management/views/DeactivationButton.tsx,util/CustomErrors.ts,Directed
extensions/mod_management/views/DeactivationButton.tsx,util/message.ts,Directed
extensions/mod_management/views/DeactivationButton.tsx,extensions/mod_management/actions/settings.ts,Directed
extensions/mod_management/views/DuplicatesDialog.tsx,util/api.ts,Directed
extensions/mod_management/views/ExternalChangeDialog.tsx,extensions/mod_management/types/IFileEntry.ts,Directed
extensions/mod_management/views/ExternalChangeDialog.tsx,renderer/controls/TooltipControls.tsx,Directed
extensions/mod_management/views/ExternalChangeDialog.tsx,util/util.ts,Directed
extensions/mod_management/views/ExternalChangeDialog.tsx,renderer/controls/Toggle.tsx,Directed
extensions/mod_management/views/ExternalChangeDialog.tsx,util/getVortexPath.ts,Directed
extensions/mod_management/views/ExternalChangeDialog.tsx,renderer/controls/Modal.tsx,Directed
extensions/mod_management/views/ExternalChangeDialog.tsx,store/reduxLogger.ts,Directed
extensions/mod_management/views/FixDeploymentDialog.tsx,util/log.ts,Directed
extensions/mod_management/views/FixDeploymentDialog.tsx,util/util.ts,Directed
extensions/mod_management/views/FixDeploymentDialog.tsx,extensions/gamemode_management/util/getGame.ts,Directed
extensions/mod_management/views/FixDeploymentDialog.tsx,extensions/mod_management/actions/session.ts,Directed
extensions/mod_management/views/InstallArchiveButton.tsx,util/util.ts,Directed
extensions/mod_management/views/InstallArchiveButton.tsx,renderer/controls/ToolbarIcon.tsx,Directed
extensions/mod_management/views/InstallArchiveButton.tsx,util/fs.ts,Directed
extensions/mod_management/views/InstallArchiveButton.tsx,renderer/controls/IconBar.tsx,Directed
extensions/mod_management/views/InstallArchiveButton.tsx,extensions/nexus_integration/NXMUrl.ts,Directed
extensions/mod_management/views/ModList.tsx,renderer/controls/DropdownButton.tsx,Directed
extensions/mod_management/views/ModList.tsx,actions/notifications.ts,Directed
extensions/mod_management/views/ModList.tsx,extensions/mod_management/actions/settings.ts,Directed
extensions/mod_management/views/ModList.tsx,extensions/mod_management/views/InstallArchiveButton.tsx,Directed
extensions/mod_management/views/ModList.tsx,extensions/mod_management/types/IModSource.ts,Directed
extensions/mod_management/views/Settings.tsx,actions/notifications.ts,Directed
extensions/mod_management/views/Settings.tsx,renderer/controls/EmptyPlaceholder.tsx,Directed
extensions/mod_management/views/Settings.tsx,extensions/mod_management/util/exceptions.ts,Directed
extensions/mod_management/views/VersionChangelogButton.tsx,renderer/controls/TooltipControls.tsx,Directed
extensions/mod_management/views/VersionIconButton.tsx,extensions/mod_management/types/IModProps.ts,Directed
extensions/mod_management/views/Workarounds.tsx,renderer/controls/ComponentEx.ts,Directed
extensions/mod_management/views/Workarounds.tsx,extensions/mod_management/actions/settings.ts,Directed
extensions/mod_management/util/ModHistory.ts,util/log.ts,Directed
extensions/mod_management/util/ModHistory.ts,util/util.ts,Directed
extensions/mod_management/util/ModHistory.ts,types/IExtensionContext.ts,Directed
extensions/mod_management/util/activationStore.ts,actions/notifications.ts,Directed
extensions/mod_management/util/activationStore.ts,shared/errors.ts,Directed
extensions/mod_management/util/activationStore.ts,util/CustomErrors.ts,Directed
extensions/mod_management/util/activationStore.ts,types/IGame.ts,Directed
extensions/mod_management/util/allTypesSupported.ts,util/log.ts,Directed
extensions/mod_management/util/combine.ts,util/CustomErrors.ts,Directed
extensions/mod_management/util/combine.ts,util/storeHelper.ts,Directed
extensions/mod_management/util/combine.ts,extensions/mod_management/eventHandlers.ts,Directed
extensions/mod_management/util/combine.ts,util/fs.ts,Directed
extensions/mod_management/util/dependencies.ts,types/IExtensionContext.ts,Directed
extensions/mod_management/util/dependencies.ts,types/IState.ts,Directed
extensions/mod_management/util/dependencies.ts,util/ConcurrencyLimiter.ts,Directed
extensions/mod_management/util/dependencyToModInfo.ts,extensions/mod_management/types/IDependency.ts,Directed
extensions/mod_management/util/deploy.ts,types/IGame.ts,Directed
extensions/mod_management/util/deploy.ts,util/storeHelper.ts,Directed
extensions/mod_management/util/deploy.ts,actions/session.ts,Directed
extensions/mod_management/util/deploymentMethods.ts,types/IState.ts,Directed
extensions/mod_management/util/extendAPI.ts,util/log.ts,Directed
extensions/mod_management/util/externalChanges.ts,util/storeHelper.ts,Directed
extensions/mod_management/util/externalChanges.ts,util/CustomErrors.ts,Directed
extensions/mod_management/util/externalChanges.ts,extensions/mod_management/modMerging.ts,Directed
extensions/mod_management/util/getInstallPath.ts,util/makeCaseInsensitive.ts,Directed
extensions/mod_management/util/getInstallPath.ts,util/getVortexPath.ts,Directed
extensions/mod_management/util/modGrouping.ts,util/log.ts,Directed
extensions/mod_management/util/modGrouping.ts,util/util.ts,Directed
extensions/mod_management/util/modName.ts,extensions/mod_management/types/IMod.ts,Directed
extensions/mod_management/util/modUpdateState.ts,util/storeHelper.ts,Directed
extensions/mod_management/util/modUpdateState.ts,util/util.ts,Directed
extensions/mod_management/util/queryGameId.ts,types/IState.ts,Directed
extensions/mod_management/util/refreshMods.ts,util/fs.ts,Directed
extensions/mod_management/util/refreshMods.ts,types/IState.ts,Directed
extensions/mod_management/util/removeMods.ts,types/IExtensionContext.ts,Directed
extensions/mod_management/util/resolvePath.ts,util/storeHelper.ts,Directed
extensions/mod_management/util/resolvePath.ts,util/getVortexPath.ts,Directed
extensions/mod_management/util/sort.ts,extensions/download_management/selectors.ts,Directed
extensions/mod_management/util/sort.ts,util/log.ts,Directed
extensions/mod_management/util/sort.ts,types/IExtensionContext.ts,Directed
extensions/mod_management/util/sort.ts,extensions/mod_management/types/IMod.ts,Directed
extensions/mod_management/util/testModReference.ts,util/util.ts,Directed
extensions/mod_management/util/testModReference.ts,extensions/download_management/types/IDownload.ts,Directed
extensions/mod_management/util/manifest_formats/format_1.ts,extensions/mod_management/types/IDeploymentManifest.ts,Directed
extensions/mod_management/types/IDependency.ts,extensions/mod_management/types/IMod.ts,Directed
extensions/mod_management/types/IDeploymentMethod.ts,types/IExtensionContext.ts,Directed
extensions/mod_management/types/IInstallContext.ts,extensions/mod_management/types/IMod.ts,Directed
extensions/mod_management/types/IInstallResult.ts,extensions/mod_management/types/IMod.ts,Directed
extensions/mod_management/types/IModInstaller.ts,extensions/mod_management/types/InstallFunc.ts,Directed
extensions/mod_management/types/IModProps.ts,extensions/profile_management/types/IProfile.ts,Directed
extensions/mod_management/types/IModProps.ts,extensions/download_management/types/IDownload.ts,Directed
extensions/mod_management/types/ISchedulePhaseDeploymentForMod.ts,extensions/mod_management/types/IMod.ts,Directed
extensions/mod_management/types/InstallFunc.ts,extensions/mod_management/types/IInstallResult.ts,Directed
extensions/mod_management/types/InstallFunc.ts,extensions/mod_management/types/IMod.ts,Directed
extensions/mod_management/reducers/deployment.ts,types/IExtensionContext.ts,Directed
extensions/mod_management/reducers/mods.ts,types/IExtensionContext.ts,Directed
extensions/mod_management/reducers/mods.ts,util/log.ts,Directed
extensions/mod_management/reducers/mods.ts,util/storeHelper.ts,Directed
extensions/mod_management/reducers/mods.ts,extensions/mod_management/actions/mods.ts,Directed
extensions/mod_management/reducers/session.ts,util/storeHelper.ts,Directed
extensions/mod_management/reducers/session.ts,extensions/mod_management/actions/session.ts,Directed
extensions/mod_management/reducers/settings.ts,extensions/mod_management/actions/settings.ts,Directed
extensions/mod_management/actions/deployment.ts,actions/safeCreateAction.ts,Directed
extensions/mod_management/actions/mods.ts,extensions/mod_management/types/IMod.ts,Directed
extensions/mod_management/actions/mods.ts,actions/safeCreateAction.ts,Directed
extensions/mod_management/actions/session.ts,extensions/mod_management/types/IFileEntry.ts,Directed
extensions/mod_management/actions/session.ts,util/CustomErrors.ts,Directed
extensions/mod_management/actions/session.ts,actions/safeCreateAction.ts,Directed
extensions/mod_management/actions/settings.ts,types/api.ts,Directed
extensions/mod_management/actions/settings.ts,actions/safeCreateAction.ts,Directed
extensions/mod_load_order/gameSupport.ts,util/log.ts,Directed
extensions/mod_load_order/index.ts,extensions/mod_load_order/reducers/loadOrder.ts,Directed
extensions/mod_load_order/index.ts,types/IState.ts,Directed
extensions/mod_load_order/index.ts,types/IExtensionContext.ts,Directed
extensions/mod_load_order/index.ts,extensions/mod_load_order/views/LoadOrderPage.tsx,Directed
extensions/mod_load_order/views/DefaultItemRenderer.tsx,util/selectors.ts,Directed
extensions/mod_load_order/views/DefaultItemRenderer.tsx,util/storeHelper.ts,Directed
extensions/mod_load_order/views/DefaultItemRenderer.tsx,renderer/controls/ComponentEx.ts,Directed
extensions/mod_load_order/views/DraggableList.tsx,renderer/controls/api.ts,Directed
extensions/mod_load_order/views/DraggableList.tsx,util/api.ts,Directed
extensions/mod_load_order/views/LoadOrderCollections.tsx,types/api.ts,Directed
extensions/mod_load_order/views/LoadOrderCollections.tsx,extensions/mod_load_order/types/types.ts,Directed
extensions/mod_load_order/views/LoadOrderCollections.tsx,extensions/mod_load_order/util.ts,Directed
extensions/mod_load_order/views/LoadOrderPage.tsx,actions/index.ts,Directed
extensions/mod_load_order/views/LoadOrderPage.tsx,extensions/mod_load_order/views/DraggableList.tsx,Directed
extensions/mod_load_order/views/LoadOrderPage.tsx,util/api.ts,Directed
extensions/mod_load_order/reducers/loadOrder.ts,types/IExtensionContext.ts,Directed
extensions/mod_load_order/reducers/settings.ts,types/IExtensionContext.ts,Directed
extensions/mod_load_order/collections/loadOrder.ts,util/api.ts,Directed
extensions/mod_load_order/collections/loadOrder.ts,types/api.ts,Directed
extensions/mod_load_order/actions/settings.ts,actions/safeCreateAction.ts,Directed
extensions/instructions_overlay/InstructionsOverlay.tsx,types/IState.ts,Directed
extensions/instructions_overlay/actions.ts,actions/safeCreateAction.ts,Directed
extensions/instructions_overlay/index.ts,extensions/instructions_overlay/actions.ts,Directed
extensions/instructions_overlay/index.ts,types/IExtensionContext.ts,Directed
extensions/installer_nested_fomod/index.ts,util/log.ts,Directed
extensions/installer_fomod_shared/index.ts,extensions/installer_fomod_shared/types/interface.ts,Directed
extensions/installer_fomod_shared/index.ts,extensions/installer_fomod_shared/utils/gameSupport.ts,Directed
extensions/installer_fomod_shared/index.ts,extensions/installer_fomod_shared/views/InstallerDialog.tsx,Directed
extensions/installer_fomod_shared/views/InstallerDialog.tsx,renderer/controls/Spinner.tsx,Directed
extensions/installer_fomod_shared/views/InstallerDialog.tsx,renderer/controls/FlexLayout.tsx,Directed
extensions/installer_fomod_shared/views/InstallerDialog.tsx,util/storeHelper.ts,Directed
extensions/installer_fomod_shared/views/InstallerDialog.tsx,extensions/installer_fomod_shared/utils/guards.ts,Directed
extensions/installer_fomod_shared/views/InstallerDialog.tsx,renderer/controls/ZoomableImage.tsx,Directed
extensions/installer_fomod_shared/utils/DialogQueue.ts,util/log.ts,Directed
extensions/installer_fomod_shared/utils/gameSupport.ts,util/util.ts,Directed
extensions/installer_fomod_shared/utils/gameSupport.ts,types/IState.ts,Directed
extensions/installer_fomod_shared/utils/gameSupport.ts,extensions/gamemode_management/selectors.ts,Directed
extensions/installer_fomod_shared/utils/guards.ts,types/api.ts,Directed
extensions/installer_fomod_shared/utils/guards.ts,extensions/installer_fomod_shared/types/interface.ts,Directed
extensions/installer_fomod_shared/utils/helpers.ts,types/IExtensionContext.ts,Directed
extensions/installer_fomod_shared/utils/helpers.ts,extensions/installer_fomod_shared/types/interface.ts,Directed
extensions/installer_fomod_shared/reducers/installerUI.ts,extensions/installer_fomod_shared/types/interface.ts,Directed
extensions/installer_fomod_shared/delegates/SharedDelegates.ts,util/application.ts,Directed
extensions/installer_fomod_native/index.ts,extensions/installer_fomod_native/tester.ts,Directed
extensions/installer_fomod_native/index.ts,extensions/mod_management/types/TestSupported.ts,Directed
extensions/installer_fomod_native/index.ts,extensions/installer_fomod_native/installer.ts,Directed
extensions/installer_fomod_native/installer.ts,extensions/installer_fomod_shared/types/interface.ts,Directed
extensions/installer_fomod_native/installer.ts,extensions/mod_management/types/InstallFunc.ts,Directed
extensions/installer_fomod_native/installer.ts,extensions/installer_fomod_shared/utils/helpers.ts,Directed
extensions/installer_fomod_native/installer.ts,extensions/installer_fomod_native/utils/VortexModInstaller.ts,Directed
extensions/installer_fomod_native/utils/DialogManager.ts,types/IExtensionContext.ts,Directed
extensions/installer_fomod_native/utils/DialogManager.ts,shared/errors.ts,Directed
extensions/installer_fomod_native/utils/DialogManager.ts,extensions/installer_fomod_shared/utils/DialogQueue.ts,Directed
extensions/installer_fomod_native/utils/DialogManager.ts,util/message.ts,Directed
extensions/installer_fomod_native/utils/VortexModInstallerFileSystem.ts,util/lazyRequire.ts,Directed
extensions/installer_fomod_native/utils/VortexModInstallerLogger.ts,util/lazyRequire.ts,Directed
extensions/installer_fomod_native/utils/VortexModInstallerLogger.ts,util/log.ts,Directed
extensions/installer_fomod_native/utils/VortexModTester.ts,util/lazyRequire.ts,Directed
extensions/installer_fomod_ipc/index.ts,extensions/mod_management/types/InstallFunc.ts,Directed
extensions/installer_fomod_ipc/index.ts,extensions/installer_fomod_ipc/tester.ts,Directed
extensions/installer_fomod_ipc/installer.ts,extensions/installer_fomod_ipc/delegates/CSharpDelegates.ts,Directed
extensions/installer_fomod_ipc/installer.ts,extensions/installer_fomod_ipc/utils/VortexIPCConnection.ts,Directed
extensions/installer_fomod_ipc/installer.ts,extensions/installer_fomod_shared/delegates/SharedDelegates.ts,Directed
extensions/installer_fomod_ipc/installer.ts,util/log.ts,Directed
extensions/installer_fomod_ipc/installer.ts,extensions/installer_fomod_ipc/utils/connectionStrategy.ts,Directed
extensions/installer_fomod_ipc/tester.ts,extensions/mod_management/types/TestSupported.ts,Directed
extensions/installer_fomod_ipc/tester.ts,util/log.ts,Directed
extensions/installer_fomod_ipc/views/Sandbox.tsx,renderer/controls/Toggle.tsx,Directed
extensions/installer_fomod_ipc/views/Sandbox.tsx,extensions/installer_fomod_ipc/actions/sandbox.ts,Directed
extensions/installer_fomod_ipc/views/Sandbox.tsx,renderer/views/MainWindow.tsx,Directed
extensions/installer_fomod_ipc/utils/VortexIPCConnection.ts,extensions/mod_management/types/TestSupported.ts,Directed
extensions/installer_fomod_ipc/utils/VortexIPCConnection.ts,util/log.ts,Directed
extensions/installer_fomod_ipc/utils/VortexIPCConnection.ts,util/getVortexPath.ts,Directed
extensions/installer_fomod_ipc/utils/VortexIPCConnection.ts,util/fs.ts,Directed
extensions/installer_fomod_ipc/utils/VortexIPCConnection.ts,extensions/mod_management/types/IInstallResult.ts,Directed
extensions/installer_fomod_ipc/delegates/CSharpDelegates.ts,extensions/installer_fomod_shared/utils/gameSupport.ts,Directed
extensions/installer_fomod_ipc/delegates/CSharpDelegates.ts,extensions/gamemode_management/util/getGame.ts,Directed
extensions/installer_fomod_ipc/delegates/CSharpDelegates.ts,util/util.ts,Directed
extensions/installer_fomod_ipc/delegates/CSharpDelegates.ts,util/fs.ts,Directed
extensions/installer_fomod_ipc/delegates/CSharpDelegates.ts,types/IExtensionContext.ts,Directed
extensions/installer_dotnet/index.ts,extensions/installer_dotnet/constants.ts,Directed
extensions/ini_prep/TweakList.tsx,renderer/controls/Spinner.tsx,Directed
extensions/ini_prep/TweakList.tsx,util/util.ts,Directed
extensions/ini_prep/TweakList.tsx,extensions/mod_management/selectors.ts,Directed
extensions/ini_prep/TweakList.tsx,util/storeHelper.ts,Directed
extensions/ini_prep/TweakList.tsx,util/fs.ts,Directed
extensions/ini_prep/gameSupport.ts,util/getVortexPath.ts,Directed
extensions/ini_prep/index.ts,util/fs.ts,Directed
extensions/ini_prep/index.ts,util/deepMerge.ts,Directed
extensions/ini_prep/index.ts,types/IState.ts,Directed
extensions/ini_prep/index.ts,util/util.ts,Directed
extensions/ini_prep/index.ts,util/log.ts,Directed
extensions/ini_prep/index.ts,util/getVortexPath.ts,Directed
extensions/ini_prep/index.ts,util/storeHelper.ts,Directed
extensions/ini_prep/index.ts,extensions/gamemode_management/types/IDiscoveryResult.ts,Directed
extensions/history_management/HistoryDialog.tsx,util/i18n.ts,Directed
extensions/history_management/HistoryDialog.tsx,renderer/controls/Usage.tsx,Directed
extensions/history_management/index.ts,util/CustomErrors.ts,Directed
extensions/history_management/index.ts,extensions/history_management/reducers.ts,Directed
extensions/history_management/index.ts,extensions/history_management/HistoryDialog.tsx,Directed
extensions/history_management/reducers.ts,types/IExtensionContext.ts,Directed
extensions/hardlink_activator/index.ts,types/IGame.ts,Directed
extensions/hardlink_activator/index.ts,util/log.ts,Directed
extensions/hardlink_activator/index.ts,actions/session.ts,Directed
extensions/hardlink_activator/index.ts,extensions/mod_management/LinkingDeployment.ts,Directed
extensions/gameversion_management/GameVersionManager.ts,util/util.ts,Directed
extensions/gameversion_management/GameVersionManager.ts,extensions/gamemode_management/types/IDiscoveryResult.ts,Directed
extensions/gameversion_management/index.ts,types/IExtensionContext.ts,Directed
extensions/gameversion_management/index.ts,extensions/gameversion_management/util/validation.ts,Directed
extensions/gameversion_management/util/getGameVersion.ts,util/lazyRequire.ts,Directed
extensions/gameversion_management/types/IGameVersionProvider.ts,types/IGame.ts,Directed
extensions/gamemode_management/GameModeManager.ts,types/IDiscoveredTool.ts,Directed
extensions/gamemode_management/GameModeManager.ts,util/Steam.ts,Directed
extensions/gamemode_management/GameModeManager.ts,util/api.ts,Directed
extensions/gamemode_management/GameModeManager.ts,types/IGame.ts,Directed
extensions/gamemode_management/GameModeManager.ts,types/IExtensionContext.ts,Directed
extensions/gamemode_management/index.ts,types/IGame.ts,Directed
extensions/gamemode_management/index.ts,types/IState.ts,Directed
extensions/gamemode_management/index.ts,types/IGame.validator.ts,Directed
extensions/gamemode_management/index.ts,actions/session.ts,Directed
extensions/gamemode_management/index.ts,util/local.ts,Directed
extensions/gamemode_management/index.ts,actions/notifications.ts,Directed
extensions/gamemode_management/index.ts,types/ITableAttribute.ts,Directed
extensions/gamemode_management/index.ts,extensions/gamemode_management/util/ProcessMonitor.ts,Directed
extensions/gamemode_management/index.ts,extensions/gamemode_management/views/GamePicker.tsx,Directed
extensions/gamemode_management/selectors.ts,types/IState.ts,Directed
extensions/gamemode_management/selectors.ts,extensions/gamemode_management/types/IGameStored.ts,Directed
extensions/gamemode_management/selectors.ts,util/selectors.ts,Directed
extensions/gamemode_management/views/GameInfoPopover.tsx,types/IState.ts,Directed
extensions/gamemode_management/views/GameInfoPopover.tsx,extensions/gamemode_management/types/IDiscoveryResult.ts,Directed
extensions/gamemode_management/views/GameInfoPopover.tsx,renderer/controls/ComponentEx.ts,Directed
extensions/gamemode_management/views/GameInfoPopover.tsx,renderer/controls/EmptyPlaceholder.tsx,Directed
extensions/gamemode_management/views/GameInfoPopover.tsx,util/opn.ts,Directed
extensions/gamemode_management/views/GamePicker.tsx,types/IActionDefinition.ts,Directed
extensions/gamemode_management/views/GamePicker.tsx,util/opn.ts,Directed
extensions/gamemode_management/views/GamePicker.tsx,types/IComponentContext.ts,Directed
extensions/gamemode_management/views/GamePicker.tsx,renderer/controls/FormInput.tsx,Directed
extensions/gamemode_management/views/GamePicker.tsx,renderer/controls/FlexLayout.tsx,Directed
extensions/gamemode_management/views/GamePicker.tsx,extensions/nexus_integration/util/convertGameId.ts,Directed
extensions/gamemode_management/views/GamePicker.tsx,renderer/controls/EmptyPlaceholder.tsx,Directed
extensions/gamemode_management/views/GameRow.tsx,types/IActionDefinition.ts,Directed
extensions/gamemode_management/views/GameRow.tsx,extensions/mod_management/types/IMod.ts,Directed
extensions/gamemode_management/views/GameRow.tsx,renderer/controls/ComponentEx.ts,Directed
extensions/gamemode_management/views/GameRow.tsx,renderer/controls/TooltipControls.tsx,Directed
extensions/gamemode_management/views/GameRow.tsx,renderer/controls/IconBar.tsx,Directed
extensions/gamemode_management/views/GameThumbnail.tsx,util/storeHelper.ts,Directed
extensions/gamemode_management/views/HideGameIcon.tsx,renderer/controls/IconBar.tsx,Directed
extensions/gamemode_management/views/ModTypeWidget.tsx,extensions/gamemode_management/util/modTypeExtensions.ts,Directed
extensions/gamemode_management/views/ModTypeWidget.tsx,types/IState.ts,Directed
extensions/gamemode_management/views/ModTypeWidget.tsx,extensions/mod_management/types/IModProps.ts,Directed
extensions/gamemode_management/views/ModTypeWidget.tsx,extensions/profile_management/selectors.ts,Directed
extensions/gamemode_management/views/ModTypeWidget.tsx,extensions/gamemode_management/types/IModType.ts,Directed
extensions/gamemode_management/views/PathSelection.tsx,renderer/controls/Modal.tsx,Directed
extensions/gamemode_management/views/PathSelection.tsx,types/IState.ts,Directed
extensions/gamemode_management/views/ProgressFooter.tsx,util/util.ts,Directed
extensions/gamemode_management/views/ProgressFooter.tsx,renderer/controls/RadialProgress.tsx,Directed
extensions/gamemode_management/views/RecentlyManagedDashlet.tsx,renderer/controls/Dashlet.tsx,Directed
extensions/gamemode_management/views/RecentlyManagedDashlet.tsx,extensions/gamemode_management/types/IDiscoveryResult.ts,Directed
extensions/gamemode_management/util/ProcessMonitor.ts,reducers/session.ts,Directed
extensions/gamemode_management/util/ProcessMonitor.ts,types/IExtensionContext.ts,Directed
extensions/gamemode_management/util/ProcessMonitor.ts,util/util.ts,Directed
extensions/gamemode_management/util/discovery.ts,types/IGameStore.ts,Directed
extensions/gamemode_management/util/discovery.ts,types/IDiscoveredTool.ts,Directed
extensions/gamemode_management/util/discovery.ts,types/IGame.ts,Directed
extensions/gamemode_management/util/discovery.ts,types/IGameStoreEntry.ts,Directed
extensions/gamemode_management/util/discovery.ts,util/util.ts,Directed
extensions/gamemode_management/util/discovery.ts,util/getNormalizeFunc.ts,Directed
extensions/gamemode_management/util/discovery.ts,util/CustomErrors.ts,Directed
extensions/gamemode_management/util/discovery.ts,extensions/gamemode_management/types/IDiscoveryResult.ts,Directed
extensions/gamemode_management/util/getGame.ts,types/IGame.ts,Directed
extensions/gamemode_management/util/getGame.ts,extensions/gamemode_management/GameModeManager.ts,Directed
extensions/gamemode_management/util/modTypeExtensions.ts,types/IGame.ts,Directed
extensions/gamemode_management/util/queryGameInfo.ts,types/IExtensionContext.ts,Directed
extensions/gamemode_management/util/queryGameInfo.ts,types/IGame.ts,Directed
extensions/gamemode_management/util/queryGameInfo.ts,util/walk.ts,Directed
extensions/gamemode_management/types/IGameStored.ts,extensions/gamemode_management/types/IToolStored.ts,Directed
extensions/gamemode_management/types/IModType.ts,types/IGame.ts,Directed
extensions/gamemode_management/reducers/persistent.ts,types/IExtensionContext.ts,Directed
extensions/gamemode_management/reducers/session.ts,extensions/gamemode_management/actions/session.ts,Directed
extensions/gamemode_management/reducers/session.ts,types/IExtensionContext.ts,Directed
extensions/gamemode_management/reducers/settings.ts,types/IExtensionContext.ts,Directed
extensions/gamemode_management/reducers/settings.ts,extensions/gamemode_management/actions/settings.ts,Directed
extensions/gamemode_management/reducers/settings.ts,util/log.ts,Directed
extensions/gamemode_management/actions/session.ts,actions/safeCreateAction.ts,Directed
extensions/gamemode_management/actions/settings.ts,types/IDiscoveredTool.ts,Directed
extensions/gamemode_management/actions/settings.ts,actions/safeCreateAction.ts,Directed
extensions/firststeps_dashlet/Dashlet.tsx,renderer/controls/Dashlet.tsx,Directed
extensions/firststeps_dashlet/Dashlet.tsx,extensions/firststeps_dashlet/actions.ts,Directed
extensions/firststeps_dashlet/Dashlet.tsx,renderer/controls/TooltipControls.tsx,Directed
extensions/firststeps_dashlet/index.ts,extensions/firststeps_dashlet/Dashlet.tsx,Directed
extensions/firststeps_dashlet/reducers.ts,extensions/firststeps_dashlet/actions.ts,Directed
extensions/firststeps_dashlet/reducers.ts,util/storeHelper.ts,Directed
extensions/firststeps_dashlet/reducers.ts,types/IExtensionContext.ts,Directed
extensions/firststeps_dashlet/todos.tsx,actions/session.ts,Directed
extensions/firststeps_dashlet/todos.tsx,extensions/settings_interface/actions/interface.ts,Directed
extensions/file_preview/index.ts,util/log.ts,Directed
extensions/file_preview/index.ts,util/CustomErrors.ts,Directed
extensions/file_based_loadorder/UpdateSet.ts,extensions/file_based_loadorder/util.ts,Directed
extensions/file_based_loadorder/UpdateSet.ts,util/log.ts,Directed
extensions/file_based_loadorder/UpdateSet.ts,types/api.ts,Directed
extensions/file_based_loadorder/UpdateSet.ts,extensions/file_based_loadorder/selectors.ts,Directed
extensions/file_based_loadorder/UpdateSet.ts,util/storeHelper.ts,Directed
extensions/file_based_loadorder/index.ts,extensions/file_based_loadorder/types/collections.ts,Directed
extensions/file_based_loadorder/index.ts,extensions/file_based_loadorder/actions/session.ts,Directed
extensions/file_based_loadorder/index.ts,extensions/file_based_loadorder/collections/loadOrder.ts,Directed
extensions/file_based_loadorder/index.ts,extensions/file_based_loadorder/views/FileBasedLoadOrderPage.tsx,Directed
extensions/file_based_loadorder/index.ts,shared/errors.ts,Directed
extensions/file_based_loadorder/index.ts,extensions/file_based_loadorder/actions/loadOrder.ts,Directed
extensions/file_based_loadorder/index.ts,extensions/file_based_loadorder/reducers/loadOrder.ts,Directed
extensions/file_based_loadorder/selectors.ts,types/IState.ts,Directed
extensions/file_based_loadorder/util.ts,types/api.ts,Directed
extensions/file_based_loadorder/util.ts,extensions/file_based_loadorder/gameSupport.ts,Directed
extensions/file_based_loadorder/views/FileBasedLoadOrderPage.tsx,types/api.ts,Directed
extensions/file_based_loadorder/views/FileBasedLoadOrderPage.tsx,util/api.ts,Directed
extensions/file_based_loadorder/views/FileBasedLoadOrderPage.tsx,util/selectors.ts,Directed
extensions/file_based_loadorder/views/FileBasedLoadOrderPage.tsx,extensions/file_based_loadorder/views/FilterBox.tsx,Directed
extensions/file_based_loadorder/views/FileBasedLoadOrderPage.tsx,actions/index.ts,Directed
extensions/file_based_loadorder/views/InfoPanel.tsx,renderer/controls/FlexLayout.tsx,Directed
extensions/file_based_loadorder/views/InfoPanel.tsx,extensions/file_based_loadorder/types/types.ts,Directed
extensions/file_based_loadorder/views/ItemRenderer.tsx,renderer/controls/ComponentEx.ts,Directed
extensions/file_based_loadorder/views/ItemRenderer.tsx,renderer/controls/api.ts,Directed
extensions/file_based_loadorder/views/ItemRenderer.tsx,util/selectors.ts,Directed
extensions/file_based_loadorder/views/ItemRenderer.tsx,extensions/file_based_loadorder/views/loadOrderIndex.tsx,Directed
extensions/file_based_loadorder/views/LoadOrderCollections.tsx,util/selectors.ts,Directed
extensions/file_based_loadorder/views/LoadOrderCollections.tsx,extensions/file_based_loadorder/types/collections.ts,Directed
extensions/file_based_loadorder/views/LoadOrderCollections.tsx,extensions/file_based_loadorder/util.ts,Directed
extensions/file_based_loadorder/views/LoadOrderCollections.tsx,extensions/file_based_loadorder/gameSupport.ts,Directed
extensions/file_based_loadorder/views/LoadOrderCollections.tsx,types/api.ts,Directed
extensions/file_based_loadorder/types/collections.ts,types/api.ts,Directed
extensions/file_based_loadorder/reducers/session.ts,types/IExtensionContext.ts,Directed
extensions/file_based_loadorder/reducers/session.ts,extensions/file_based_loadorder/actions/session.ts,Directed
extensions/file_based_loadorder/collections/loadOrder.ts,extensions/file_based_loadorder/types/types.ts,Directed
extensions/file_based_loadorder/collections/loadOrder.ts,types/api.ts,Directed
extensions/file_based_loadorder/collections/loadOrder.ts,extensions/file_based_loadorder/UpdateSet.ts,Directed
extensions/file_based_loadorder/collections/loadOrder.ts,extensions/file_based_loadorder/views/LoadOrderCollections.tsx,Directed
extensions/file_based_loadorder/actions/loadOrder.ts,actions/safeCreateAction.ts,Directed
extensions/extension_manager/BrowseExtensions.tsx,renderer/controls/Modal.tsx,Directed
extensions/extension_manager/BrowseExtensions.tsx,renderer/controls/Icon.tsx,Directed
extensions/extension_manager/BrowseExtensions.tsx,extensions/extension_manager/types.ts,Directed
extensions/extension_manager/BrowseExtensions.tsx,util/opn.ts,Directed
extensions/extension_manager/BrowseExtensions.tsx,extensions/extension_manager/util.ts,Directed
extensions/extension_manager/BrowseExtensions.tsx,extensions/nexus_integration/constants.ts,Directed
extensions/extension_manager/BrowseExtensions.tsx,renderer/controls/FlexLayout.tsx,Directed
extensions/extension_manager/BrowseExtensions.tsx,types/IState.ts,Directed
extensions/extension_manager/ExtensionManager.tsx,renderer/controls/Dropzone.tsx,Directed
extensions/extension_manager/ExtensionManager.tsx,util/log.ts,Directed
extensions/extension_manager/ExtensionManager.tsx,util/commandLine.ts,Directed
extensions/extension_manager/ExtensionManager.tsx,types/ITableAttribute.ts,Directed
extensions/extension_manager/ExtensionManager.tsx,util/selectors.ts,Directed
extensions/extension_manager/ExtensionManager.tsx,renderer/controls/ToolbarIcon.tsx,Directed
extensions/extension_manager/actions.ts,types/api.ts,Directed
extensions/extension_manager/actions.ts,extensions/extension_manager/types.ts,Directed
extensions/extension_manager/index.ts,types/INotification.ts,Directed
extensions/extension_manager/index.ts,types/IState.ts,Directed
extensions/extension_manager/index.ts,util/CustomErrors.ts,Directed
extensions/extension_manager/index.ts,extensions/extension_manager/BrowseExtensions.tsx,Directed
extensions/extension_manager/index.ts,extensions/extension_manager/ExtensionManager.tsx,Directed
extensions/extension_manager/index.ts,util/makeReactive.ts,Directed
extensions/extension_manager/index.ts,util/commandLine.ts,Directed
extensions/extension_manager/installExtension.ts,types/IState.ts,Directed
extensions/extension_manager/installExtension.ts,util/fs.ts,Directed
extensions/extension_manager/installExtension.ts,util/lazyRequire.ts,Directed
extensions/extension_manager/tableAttributes.tsx,extensions/gamemode_management/constants.ts,Directed
extensions/extension_manager/tableAttributes.tsx,extensions/nexus_integration/attributes.tsx,Directed
extensions/extension_manager/tableAttributes.tsx,renderer/controls/table/TextFilter.tsx,Directed
extensions/extension_manager/util.ts,types/IExtensionContext.ts,Directed
extensions/extension_manager/util.ts,util/log.ts,Directed
extensions/extension_manager/util.ts,util/network.ts,Directed
extensions/extension_manager/util.ts,util/getVortexPath.ts,Directed
extensions/extension_manager/util.ts,util/fs.ts,Directed
extensions/extension_manager/util.ts,extensions/gamemode_management/constants.ts,Directed
extensions/extension_manager/util.ts,types/IState.ts,Directed
extensions/download_management/DownloadManager.ts,util/electronRemote.ts,Directed
extensions/download_management/DownloadManager.ts,extensions/download_management/util/throttle.ts,Directed
extensions/download_management/DownloadManager.ts,extensions/download_management/types/ProgressCallback.ts,Directed
extensions/download_management/DownloadManager.ts,extensions/download_management/types/IDownloadResult.ts,Directed
extensions/download_management/DownloadManager.ts,types/api.ts,Directed
extensions/download_management/DownloadManager.ts,util/log.ts,Directed
extensions/download_management/DownloadManager.ts,extensions/download_management/types/IChunk.ts,Directed
extensions/download_management/DownloadManager.ts,util/fs.ts,Directed
extensions/download_management/DownloadManager.ts,extensions/download_management/SpeedCalculator.ts,Directed
extensions/download_management/DownloadManager.ts,shared/errors.ts,Directed
extensions/download_management/DownloadManager.ts,extensions/download_management/types/IDownloadJob.ts,Directed
extensions/download_management/DownloadObserver.ts,types/IExtensionContext.ts,Directed
extensions/download_management/DownloadObserver.ts,util/util.ts,Directed
extensions/download_management/DownloadObserver.ts,util/selectors.ts,Directed
extensions/download_management/DownloadObserver.ts,util/log.ts,Directed
extensions/download_management/DownloadObserver.ts,extensions/download_management/types/IChunk.ts,Directed
extensions/download_management/DownloadObserver.ts,types/IState.ts,Directed
extensions/download_management/DownloadObserver.ts,util/errorHandling.ts,Directed
extensions/download_management/DownloadObserver.ts,extensions/gamemode_management/selectors.ts,Directed
extensions/download_management/DownloadObserver.ts,extensions/nexus_integration/util/convertGameId.ts,Directed
extensions/download_management/DownloadObserver.ts,extensions/download_management/types/ProgressCallback.ts,Directed
extensions/download_management/DownloadObserver.ts,util/fs.ts,Directed
extensions/download_management/FileAssembler.ts,util/errorHandling.ts,Directed
extensions/download_management/downloadAttributes.tsx,renderer/controls/ProgressBar.tsx,Directed
extensions/download_management/downloadAttributes.tsx,util/fs.ts,Directed
extensions/download_management/downloadAttributes.tsx,types/IExtensionContext.ts,Directed
extensions/download_management/downloadAttributes.tsx,renderer/controls/TooltipControls.tsx,Directed
extensions/download_management/downloadAttributes.tsx,renderer/controls/Spinner.tsx,Directed
extensions/download_management/downloadAttributes.tsx,extensions/gamemode_management/constants.ts,Directed
extensions/download_management/downloadAttributes.tsx,util/util.ts,Directed
extensions/download_management/downloadAttributes.tsx,extensions/download_management/views/FileTime.tsx,Directed
extensions/download_management/downloadAttributes.tsx,renderer/controls/table/TextFilter.tsx,Directed
extensions/download_management/downloadAttributes.tsx,extensions/download_management/util/setDownloadGames.ts,Directed
extensions/download_management/downloadAttributes.tsx,renderer/controls/constants.ts,Directed
extensions/download_management/index.ts,util/application.ts,Directed
extensions/download_management/index.ts,types/IPreset.ts,Directed
extensions/download_management/index.ts,util/log.ts,Directed
extensions/download_management/index.ts,util/getNormalizeFunc.ts,Directed
extensions/download_management/index.ts,extensions/download_management/reducers/state.ts,Directed
extensions/download_management/index.ts,util/Debouncer.ts,Directed
extensions/download_management/index.ts,types/ITestResult.ts,Directed
extensions/download_management/index.ts,util/util.ts,Directed
extensions/download_management/index.ts,extensions/download_management/types/IDownload.ts,Directed
extensions/download_management/index.ts,util/selectors.ts,Directed
extensions/download_management/index.ts,util/fs.ts,Directed
extensions/download_management/index.ts,types/IState.ts,Directed
extensions/download_management/index.ts,extensions/download_management/DownloadManager.ts,Directed
extensions/download_management/selectors.ts,extensions/download_management/types/IDownload.ts,Directed
extensions/download_management/selectors.ts,extensions/download_management/util/getDownloadPath.ts,Directed
extensions/download_management/views/Dashlet.tsx,renderer/controls/ComponentEx.ts,Directed
extensions/download_management/views/DownloadGraph.tsx,actions/session.ts,Directed
extensions/download_management/views/DownloadProgressFilter.tsx,extensions/download_management/types/IDownload.ts,Directed
extensions/download_management/views/DownloadView.tsx,actions/notifications.ts,Directed
extensions/download_management/views/DownloadView.tsx,renderer/controls/Dropzone.tsx,Directed
extensions/download_management/views/DownloadView.tsx,types/IComponentContext.ts,Directed
extensions/download_management/views/DownloadView.tsx,util/log.ts,Directed
extensions/download_management/views/DownloadView.tsx,renderer/controls/IconBar.tsx,Directed
extensions/download_management/views/DownloadView.tsx,renderer/controls/FlexLayout.tsx,Directed
extensions/download_management/views/DownloadView.tsx,types/IState.ts,Directed
extensions/download_management/views/DownloadView.tsx,util/selectors.ts,Directed
extensions/download_management/views/DownloadView.tsx,types/IExtensionContext.ts,Directed
extensions/download_management/views/DownloadView.tsx,types/IActionDefinition.ts,Directed
extensions/download_management/views/DownloadView.tsx,renderer/controls/Table.tsx,Directed
extensions/download_management/views/Settings.tsx,renderer/controls/TooltipControls.tsx,Directed
extensions/download_management/views/Settings.tsx,renderer/controls/FormInput.tsx,Directed
extensions/download_management/views/Settings.tsx,types/IState.ts,Directed
extensions/download_management/views/Settings.tsx,extensions/mod_management/texts.ts,Directed
extensions/download_management/views/Settings.tsx,util/fs.ts,Directed
extensions/download_management/views/Settings.tsx,util/errorHandling.ts,Directed
extensions/download_management/views/Settings.tsx,types/ITableAttribute.ts,Directed
extensions/download_management/views/Settings.tsx,renderer/controls/Toggle.tsx,Directed
extensions/download_management/views/Settings.tsx,renderer/controls/FlexLayout.tsx,Directed
extensions/download_management/views/ShutdownButton.tsx,util/i18n.ts,Directed
extensions/download_management/views/SpeedOMeter.tsx,util/util.ts,Directed
extensions/download_management/views/SpeedOMeter.tsx,renderer/controls/Icon.tsx,Directed
extensions/download_management/util/downloadDirectory.ts,util/util.ts,Directed
extensions/download_management/util/downloadDirectory.ts,types/IExtensionContext.ts,Directed
extensions/download_management/util/downloadDirectory.ts,types/IState.ts,Directed
extensions/download_management/util/downloadDirectory.ts,util/CustomErrors.ts,Directed
extensions/download_management/util/downloadDirectory.ts,types/IDialog.ts,Directed
extensions/download_management/util/extendApi.ts,extensions/download_management/DownloadManager.ts,Directed
extensions/download_management/util/extendApi.ts,extensions/download_management/types/IDownloadsAPIExtension.ts,Directed
extensions/download_management/util/extendApi.ts,types/IExtensionContext.ts,Directed
extensions/download_management/util/postprocessDownload.ts,types/IExtensionContext.ts,Directed
extensions/download_management/util/postprocessDownload.ts,extensions/download_management/util/queryDLInfo.ts,Directed
extensions/download_management/util/postprocessDownload.ts,shared/errors.ts,Directed
extensions/download_management/util/queryDLInfo.ts,types/IState.ts,Directed
extensions/download_management/util/queryDLInfo.ts,extensions/mod_management/util/metaLookupMatch.ts,Directed
extensions/download_management/util/queryDLInfo.ts,extensions/profile_management/selectors.ts,Directed
extensions/download_management/util/queryDLInfo.ts,extensions/nexus_integration/util/convertGameId.ts,Directed
extensions/download_management/util/setDownloadGames.ts,types/IExtensionContext.ts,Directed
extensions/download_management/util/setDownloadGames.ts,util/fs.ts,Directed
extensions/download_management/util/setDownloadGames.ts,extensions/download_management/actions/state.ts,Directed
extensions/download_management/util/setDownloadGames.ts,util/util.ts,Directed
extensions/download_management/types/IDownload.ts,extensions/download_management/types/IChunk.ts,Directed
extensions/download_management/types/IDownload.ts,extensions/download_management/DownloadManager.ts,Directed
extensions/download_management/types/IDownloadJob.ts,extensions/download_management/types/IChunk.ts,Directed
extensions/download_management/types/IDownloadResult.ts,extensions/download_management/types/IChunk.ts,Directed
extensions/download_management/types/IDownloadsAPIExtension.ts,extensions/download_management/types/IDownloadResult.ts,Directed
extensions/download_management/types/IDownloadsAPIExtension.ts,extensions/download_management/types/IDownloadRemoveOptions.ts,Directed
extensions/download_management/types/ProgressCallback.ts,extensions/download_management/types/IChunk.ts,Directed
extensions/download_management/reducers/settings.ts,types/IExtensionContext.ts,Directed
extensions/download_management/reducers/settings.ts,util/storeHelper.ts,Directed
extensions/download_management/reducers/state.ts,types/IExtensionContext.ts,Directed
extensions/download_management/reducers/state.ts,util/errorHandling.ts,Directed
extensions/download_management/reducers/state.ts,util/util.ts,Directed
extensions/download_management/reducers/transactions.ts,util/storeHelper.ts,Directed
extensions/download_management/reducers/transactions.ts,types/IExtensionContext.ts,Directed
extensions/download_management/actions/settings.ts,actions/safeCreateAction.ts,Directed
extensions/download_management/actions/state.ts,util/log.ts,Directed
extensions/download_management/actions/state.ts,actions/safeCreateAction.ts,Directed
extensions/diagnostics_files/index.ts,actions/session.ts,Directed
extensions/diagnostics_files/views/DiagnosticsFilesDialog.tsx,util/CustomErrors.ts,Directed
extensions/diagnostics_files/views/DiagnosticsFilesDialog.tsx,renderer/controls/Spinner.tsx,Directed
extensions/diagnostics_files/views/DiagnosticsFilesDialog.tsx,util/fs.ts,Directed
extensions/diagnostics_files/views/DiagnosticsFilesDialog.tsx,util/lazyRequire.ts,Directed
extensions/diagnostics_files/views/DiagnosticsFilesDialog.tsx,renderer/controls/FlexLayout.tsx,Directed
extensions/diagnostics_files/util/loadVortexLogs.ts,extensions/diagnostics_files/types/ISession.ts,Directed
extensions/diagnostics_files/util/loadVortexLogs.ts,util/fs.ts,Directed
extensions/dashboard/actions.ts,actions/safeCreateAction.ts,Directed
extensions/dashboard/index.ts,extensions/dashboard/types/IDashletProps.ts,Directed
extensions/dashboard/index.ts,extensions/dashboard/views/Dashboard.tsx,Directed
extensions/dashboard/views/Dashboard.tsx,renderer/controls/DropdownButton.tsx,Directed
extensions/dashboard/views/Dashboard.tsx,types/IState.ts,Directed
extensions/dashboard/views/Dashboard.tsx,renderer/controls/Icon.tsx,Directed
extensions/dashboard/views/Dashboard.tsx,util/lazyRequire.ts,Directed
extensions/dashboard/views/Dashboard.tsx,renderer/controls/FlexLayout.tsx,Directed
extensions/dashboard/views/PackeryGrid.tsx,util/lazyRequire.ts,Directed
extensions/dashboard/views/PackeryItem.tsx,util/i18n.ts,Directed
extensions/dashboard/views/PackeryItem.tsx,renderer/controls/Icon.tsx,Directed
extensions/dashboard/views/PackeryItem.tsx,util/log.ts,Directed
extensions/dashboard/views/PackeryItem.tsx,util/lazyRequire.ts,Directed
extensions/dashboard/views/Settings.tsx,renderer/controls/Toggle.tsx,Directed
extensions/collections_integration/selectors.ts,extensions/mod_management/selectors.ts,Directed
extensions/collections_integration/selectors.ts,types/IState.ts,Directed
extensions/collections_integration/types.ts,types/api.ts,Directed
extensions/category_management/index.ts,types/IExtensionContext.ts,Directed
extensions/category_management/index.ts,util/storeHelper.ts,Directed
extensions/category_management/index.ts,extensions/download_management/actions/state.ts,Directed
extensions/category_management/index.ts,util/log.ts,Directed
extensions/category_management/index.ts,extensions/category_management/views/CategoryDialog.tsx,Directed
extensions/category_management/index.ts,extensions/category_management/reducers/session.ts,Directed
extensions/category_management/views/CategoryDialog.tsx,renderer/views/DNDContainer.tsx,Directed
extensions/category_management/views/CategoryList.tsx,renderer/controls/Icon.tsx,Directed
extensions/category_management/views/CategoryList.tsx,types/IExtensionContext.ts,Directed
extensions/category_management/views/CategoryList.tsx,renderer/controls/TooltipControls.tsx,Directed
extensions/category_management/views/CategoryList.tsx,actions/notifications.ts,Directed
extensions/category_management/views/CategoryList.tsx,util/lazyRequire.ts,Directed
extensions/category_management/views/CategoryList.tsx,shared/errors.ts,Directed
extensions/category_management/views/CategoryList.tsx,extensions/category_management/types/ITrees.ts,Directed
extensions/category_management/views/CategoryList.tsx,types/IState.ts,Directed
extensions/category_management/views/CategoryList.tsx,renderer/controls/IconBar.tsx,Directed
extensions/category_management/util/CategoryFilter.tsx,types/IState.ts,Directed
extensions/category_management/util/CategoryFilter.tsx,renderer/controls/ComponentEx.ts,Directed
extensions/category_management/util/CategoryFilter.tsx,extensions/mod_management/types/IMod.ts,Directed
extensions/category_management/util/CategoryFilter.tsx,extensions/download_management/util/getDownloadGames.ts,Directed
extensions/category_management/util/CategoryFilter.tsx,util/storeHelper.ts,Directed
extensions/category_management/util/createTreeDataObject.ts,extensions/category_management/types/ITrees.ts,Directed
extensions/category_management/util/createTreeDataObject.ts,extensions/category_management/util/generateSubtitle.ts,Directed
extensions/category_management/util/retrieveCategoryPath.ts,types/IState.ts,Directed
extensions/category_management/reducers/category.ts,types/IExtensionContext.ts,Directed
extensions/category_management/reducers/session.ts,types/IExtensionContext.ts,Directed
extensions/category_management/reducers/session.ts,util/storeHelper.ts,Directed
extensions/browser/actions.ts,actions/safeCreateAction.ts,Directed
extensions/browser/index.ts,util/CustomErrors.ts,Directed
extensions/browser/index.ts,util/util.ts,Directed
extensions/browser/reducers.ts,util/storeHelper.ts,Directed
extensions/browser/reducers.ts,types/IExtensionContext.ts,Directed
extensions/browser/reducers.ts,extensions/browser/actions.ts,Directed
extensions/browser/views/BrowserView.tsx,util/Debouncer.ts,Directed
extensions/browser/views/BrowserView.tsx,types/IState.ts,Directed
extensions/browser/views/BrowserView.tsx,shared/errors.ts,Directed
extensions/browser/views/BrowserView.tsx,types/INotification.ts,Directed
extensions/browse_nexus/index.ts,types/IExtensionContext.ts,Directed
extensions/browse_nexus/views/BrowseNexusPage.tsx,types/IState.ts,Directed
extensions/browse_nexus/views/BrowseNexusPage.tsx,renderer/views/MainPage.tsx,Directed
extensions/announcement_dashlet/AnnouncementDashlet.tsx,extensions/announcement_dashlet/util.ts,Directed
extensions/announcement_dashlet/AnnouncementDashlet.tsx,renderer/controls/TooltipControls.tsx,Directed
extensions/announcement_dashlet/index.ts,types/IState.ts,Directed
extensions/announcement_dashlet/index.ts,util/application.ts,Directed
extensions/announcement_dashlet/index.ts,actions/notifications.ts,Directed
extensions/announcement_dashlet/index.ts,util/storeHelper.ts,Directed
extensions/announcement_dashlet/index.ts,extensions/announcement_dashlet/util.ts,Directed
extensions/announcement_dashlet/index.ts,extensions/announcement_dashlet/reducers/surveys.ts,Directed
extensions/announcement_dashlet/util.ts,util/storeHelper.ts,Directed
extensions/announcement_dashlet/reducers/announcements.ts,extensions/announcement_dashlet/actions.ts,Directed
extensions/announcement_dashlet/reducers/announcements.ts,types/IExtensionContext.ts,Directed
extensions/announcement_dashlet/reducers/surveys.ts,types/IExtensionContext.ts,Directed
extensions/announcement_dashlet/reducers/surveys.ts,util/storeHelper.ts,Directed
extensions/analytics/index.ts,extensions/analytics/utils/analyticsLog.ts,Directed
extensions/analytics/index.ts,util/nativeArch.ts,Directed
extensions/analytics/index.ts,types/IExtensionContext.ts,Directed
extensions/analytics/index.ts,extensions/analytics/constants.ts,Directed
extensions/analytics/index.ts,extensions/analytics/views/SettingsAnalytics.tsx,Directed
extensions/analytics/utils/analyticsLog.ts,util/log.ts,Directed
extensions/analytics/mixpanel/MixpanelAnalytics.ts,extensions/analytics/constants.ts,Directed
extensions/analytics/mixpanel/MixpanelAnalytics.ts,extensions/analytics/utils/analyticsLog.ts,Directed
extensions/analytics/mixpanel/MixpanelAnalytics.ts,util/application.ts,Directed
extensions/about_dialog/index.ts,types/IExtensionContext.ts,Directed
extensions/about_dialog/views/AboutPage.tsx,util/github.ts,Directed
extensions/about_dialog/views/AboutPage.tsx,renderer/controls/More.tsx,Directed
extensions/about_dialog/views/AboutPage.tsx,util/log.ts,Directed
extensions/about_dialog/views/AboutPage.tsx,util/application.ts,Directed
extensions/about_dialog/views/AboutPage.tsx,util/getVortexPath.ts,Directed
extensions/about_dialog/views/AboutPage.tsx,renderer/controls/ComponentEx.ts,Directed
extensions/about_dialog/views/AboutPage.tsx,extensions/about_dialog/types/ILicense.ts,Directed
actions/loadOrder.ts,actions/safeCreateAction.ts,Directed
actions/notificationSettings.ts,actions/safeCreateAction.ts,Directed
actions/notifications.ts,util/local.ts,Directed
actions/notifications.ts,util/log.ts,Directed
actions/session.ts,util/commandLine.ts,Directed