id,label,project
constants.ts,constants.ts,root
index.ts,index.ts,root
main.ts,main.ts,root
preload.ts,preload.ts,root
renderer.tsx,renderer.tsx,root
splash.ts,splash.ts,root
toJSONSchema.ts,toJSONSchema.ts,root
util/BatchContext.ts,util/BatchContext.ts,util
util/ConcurrencyLimiter.ts,util/ConcurrencyLimiter.ts,util
util/CustomErrors.ts,util/CustomErrors.ts,util
util/Debouncer.ts,util/Debouncer.ts,util
util/EpicGamesLauncher.ts,util/EpicGamesLauncher.ts,util
util/ExtensionManager.ts,util/ExtensionManager.ts,util
util/ExtensionProvider.ts,util/ExtensionProvider.ts,util
util/GameStoreHelper.ts,util/GameStoreHelper.ts,util
util/GlobalNotifications.ts,util/GlobalNotifications.ts,util
util/MutexContext.ts,util/MutexContext.ts,util
util/PresetManager.ts,util/PresetManager.ts,util
util/RelaxedReselectCache.ts,util/RelaxedReselectCache.ts,util
util/StarterInfo.ts,util/StarterInfo.ts,util
util/Steam.ts,util/Steam.ts,util
util/StyleManager.ts,util/StyleManager.ts,util
util/api.ts,util/api.ts,util
util/application.electron.ts,util/application.electron.ts,util
util/application.ts,util/application.ts,util
util/archives.ts,util/archives.ts,util
util/calculateFolderSize.ts,util/calculateFolderSize.ts,util
util/checksum.ts,util/checksum.ts,util
util/commandLine.ts,util/commandLine.ts,util
util/constants.ts,util/constants.ts,util
util/copyRecursive.ts,util/copyRecursive.ts,util
util/deepMerge.ts,util/deepMerge.ts,util
util/devel.ts,util/devel.ts,util
util/electron.ts,util/electron.ts,util
util/electronRemote.ts,util/electronRemote.ts,util
util/errorHandling.ts,util/errorHandling.ts,util
util/exeIcon.ts,util/exeIcon.ts,util
util/extensionRequire.ts,util/extensionRequire.ts,util
util/fileValidation.ts,util/fileValidation.ts,util
util/fs.ts,util/fs.ts,util
util/fsAtomic.ts,util/fsAtomic.ts,util
util/genHash.ts,util/genHash.ts,util
util/getFileList.ts,util/getFileList.ts,util
util/getNormalizeFunc.ts,util/getNormalizeFunc.ts,util
util/getVortexPath.ts,util/getVortexPath.ts,util
util/github.ts,util/github.ts,util
util/i18n.ts,util/i18n.ts,util
util/lazyRequire.ts,util/lazyRequire.ts,util
util/libxmljs.ts,util/libxmljs.ts,util
util/local.ts,util/local.ts,util
util/log.ts,util/log.ts,util
util/makeCaseInsensitive.ts,util/makeCaseInsensitive.ts,util
util/makeReactive.ts,util/makeReactive.ts,util
util/menu.ts,util/menu.ts,util
util/message.ts,util/message.ts,util
util/migrate.ts,util/migrate.ts,util
util/monkeyPatching.ts,util/monkeyPatching.ts,util
util/nativeArch.ts,util/nativeArch.ts,util
util/nativeErrors.ts,util/nativeErrors.ts,util
util/network.ts,util/network.ts,util
util/onceCB.ts,util/onceCB.ts,util
util/opn.ts,util/opn.ts,util
util/relativeTime.ts,util/relativeTime.ts,util
util/requireRebuild.ts,util/requireRebuild.ts,util
util/requireRemap.ts,util/requireRemap.ts,util
util/runElevatedCustomTool.ts,util/runElevatedCustomTool.ts,util
util/safeForwardToMain.ts,util/safeForwardToMain.ts,util
util/safeReplayActionRenderer.ts,util/safeReplayActionRenderer.ts,util
util/selectors.ts,util/selectors.ts,util
util/startupSettings.ts,util/startupSettings.ts,util
util/storeHelper.ts,util/storeHelper.ts,util
util/transferPath.ts,util/transferPath.ts,util
util/util.ts,util/util.ts,util
util/waitForCondition.ts,util/waitForCondition.ts,util
util/walk.ts,util/walk.ts,util
util/webview.ts,util/webview.ts,util
util/vortex-run/src/elevated.ts,util/vortex-run/src/elevated.ts,util
util/vortex-run/src/index.ts,util/vortex-run/src/index.ts,util
util/vortex-run/src/thread.ts,util/vortex-run/src/thread.ts,util
util/vortex-run/lib/elevated.d.ts,util/vortex-run/lib/elevated.d.ts,util
util/vortex-run/lib/index.d.ts,util/vortex-run/lib/index.d.ts,util
util/vortex-run/lib/thread.d.ts,util/vortex-run/lib/thread.d.ts,util
util/__mocks__/ExtensionProvider.ts,util/__mocks__/ExtensionProvider.ts,util
util/__mocks__/log.ts,util/__mocks__/log.ts,util
types/Extension.ts,types/Extension.ts,types
types/IActionDefinition.ts,types/IActionDefinition.ts,types
types/IAttributeState.ts,types/IAttributeState.ts,types
types/IBannerOptions.ts,types/IBannerOptions.ts,types
types/IComponentContext.ts,types/IComponentContext.ts,types
types/IDialog.ts,types/IDialog.ts,types
types/IDiscoveredTool.ts,types/IDiscoveredTool.ts,types
types/IDynDivOptions.ts,types/IDynDivOptions.ts,types
types/IError.ts,types/IError.ts,types
types/IExecInfo.ts,types/IExecInfo.ts,types
types/IExtensionContext.ts,types/IExtensionContext.ts,types
types/IExtensionProvider.ts,types/IExtensionProvider.ts,types
types/IGame.ts,types/IGame.ts,types
types/IGame.validator.ts,types/IGame.validator.ts,types
types/IGameStore.ts,types/IGameStore.ts,types
types/IGameStoreEntry.ts,types/IGameStoreEntry.ts,types
types/II18NProps.ts,types/II18NProps.ts,types
types/IMainPage.ts,types/IMainPage.ts,types
types/IModLookupResult.ts,types/IModLookupResult.ts,types
types/IModifiers.ts,types/IModifiers.ts,types
types/INotification.ts,types/INotification.ts,types
types/IPreset.gen.ts,types/IPreset.gen.ts,types
types/IPreset.ts,types/IPreset.ts,types
types/IState.ts,types/IState.ts,types
types/ITableAttribute.ts,types/ITableAttribute.ts,types
types/ITestResult.ts,types/ITestResult.ts,types
types/ITool.ts,types/ITool.ts,types
types/SortDirection.ts,types/SortDirection.ts,types
types/VortexInstallType.ts,types/VortexInstallType.ts,types
types/api.ts,types/api.ts,types
types/collections/IGameSpecificInterfaceProps.ts,types/collections/IGameSpecificInterfaceProps.ts,types
types/collections/api.ts,types/collections/api.ts,types
tailwind/index.ts,tailwind/index.ts,tailwind
tailwind/lib/icon-paths/icon-paths.ts,tailwind/lib/icon-paths/icon-paths.ts,tailwind
tailwind/lib/icon-paths/index.ts,tailwind/lib/icon-paths/index.ts,tailwind
tailwind/components/TailwindTest.tsx,tailwind/components/TailwindTest.tsx,tailwind
tailwind/components/index.ts,tailwind/components/index.ts,tailwind
tailwind/components/next/utils.ts,tailwind/components/next/utils.ts,tailwind
tailwind/components/next/typography/Typography.tsx,tailwind/components/next/typography/Typography.tsx,tailwind
tailwind/components/next/typography/TypographyDemo.tsx,tailwind/components/next/typography/TypographyDemo.tsx,tailwind
tailwind/components/next/typography/index.ts,tailwind/components/next/typography/index.ts,tailwind
tailwind/components/next/tabs/TabsDemo.tsx,tailwind/components/next/tabs/TabsDemo.tsx,tailwind
tailwind/components/next/tabs/index.ts,tailwind/components/next/tabs/index.ts,tailwind
tailwind/components/next/tabs/tabs.context.tsx,tailwind/components/next/tabs/tabs.context.tsx,tailwind
tailwind/components/next/tabs/tab-panel/TabPanel.tsx,tailwind/components/next/tabs/tab-panel/TabPanel.tsx,tailwind
tailwind/components/next/tabs/tab-panel/index.ts,tailwind/components/next/tabs/tab-panel/index.ts,tailwind
tailwind/components/next/tabs/tab-bar/TabBar.tsx,tailwind/components/next/tabs/tab-bar/TabBar.tsx,tailwind
tailwind/components/next/tabs/tab-bar/index.ts,tailwind/components/next/tabs/tab-bar/index.ts,tailwind
tailwind/components/next/tabs/tab/Tab.tsx,tailwind/components/next/tabs/tab/Tab.tsx,tailwind
tailwind/components/next/tabs/tab/index.ts,tailwind/components/next/tabs/tab/index.ts,tailwind
tailwind/components/next/link/Link.tsx,tailwind/components/next/link/Link.tsx,tailwind
tailwind/components/next/link/index.ts,tailwind/components/next/link/index.ts,tailwind
tailwind/components/next/icon/Icon.tsx,tailwind/components/next/icon/Icon.tsx,tailwind
tailwind/components/next/icon/index.ts,tailwind/components/next/icon/index.ts,tailwind
tailwind/components/next/form/index.ts,tailwind/components/next/form/index.ts,tailwind
tailwind/components/next/form/select/Select.tsx,tailwind/components/next/form/select/Select.tsx,tailwind
tailwind/components/next/form/select/SelectDemo.tsx,tailwind/components/next/form/select/SelectDemo.tsx,tailwind
tailwind/components/next/form/select/index.ts,tailwind/components/next/form/select/index.ts,tailwind
tailwind/components/next/form/input/Input.tsx,tailwind/components/next/form/input/Input.tsx,tailwind
tailwind/components/next/form/input/InputDemo.tsx,tailwind/components/next/form/input/InputDemo.tsx,tailwind
tailwind/components/next/form/input/index.ts,tailwind/components/next/form/input/index.ts,tailwind
tailwind/components/next/form/formfield/FormField.tsx,tailwind/components/next/form/formfield/FormField.tsx,tailwind
tailwind/components/next/form/formfield/index.ts,tailwind/components/next/form/formfield/index.ts,tailwind
tailwind/components/next/collectiontile/CollectionTile.tsx,tailwind/components/next/collectiontile/CollectionTile.tsx,tailwind
tailwind/components/next/collectiontile/CollectionTileDemo.tsx,tailwind/components/next/collectiontile/CollectionTileDemo.tsx,tailwind
tailwind/components/next/collectiontile/index.ts,tailwind/components/next/collectiontile/index.ts,tailwind
tailwind/components/next/button/Button.tsx,tailwind/components/next/button/Button.tsx,tailwind
tailwind/components/next/button/ButtonDemo.tsx,tailwind/components/next/button/ButtonDemo.tsx,tailwind
tailwind/components/next/button/index.ts,tailwind/components/next/button/index.ts,tailwind
store/LevelPersist.ts,store/LevelPersist.ts,store
store/ReduxPersistor.ts,store/ReduxPersistor.ts,store
store/ReduxWatcher.ts,store/ReduxWatcher.ts,store
store/SubPersistor.ts,store/SubPersistor.ts,store
store/reducers.ts,store/reducers.ts,store
store/reduxLogger.ts,store/reduxLogger.ts,store
store/reduxSanity.ts,store/reduxSanity.ts,store
store/store.ts,store/store.ts,store
shared/errors.ts,shared/errors.ts,shared
renderer/ReduxProp.ts,renderer/ReduxProp.ts,renderer
renderer/datelocales.ts,renderer/datelocales.ts,renderer
renderer/smoothScroll.ts,renderer/smoothScroll.ts,renderer
renderer/views/DNDContainer.tsx,renderer/views/DNDContainer.tsx,renderer
renderer/views/Dialog.tsx,renderer/views/Dialog.tsx,renderer
renderer/views/DialogContainer.tsx,renderer/views/DialogContainer.tsx,renderer
renderer/views/GlobalOverlay.tsx,renderer/views/GlobalOverlay.tsx,renderer
renderer/views/LoadingScreen.tsx,renderer/views/LoadingScreen.tsx,renderer
renderer/views/MainFooter.tsx,renderer/views/MainFooter.tsx,renderer
renderer/views/MainOverlay.tsx,renderer/views/MainOverlay.tsx,renderer
renderer/views/MainPage.tsx,renderer/views/MainPage.tsx,renderer
renderer/views/MainPageBody.tsx,renderer/views/MainPageBody.tsx,renderer
renderer/views/MainPageContainer.tsx,renderer/views/MainPageContainer.tsx,renderer
renderer/views/MainPageHeader.tsx,renderer/views/MainPageHeader.tsx,renderer
renderer/views/MainWindow.tsx,renderer/views/MainWindow.tsx,renderer
renderer/views/Notification.tsx,renderer/views/Notification.tsx,renderer
renderer/views/NotificationButton.tsx,renderer/views/NotificationButton.tsx,renderer
renderer/views/OverlayContainer.tsx,renderer/views/OverlayContainer.tsx,renderer
renderer/views/PageButton.tsx,renderer/views/PageButton.tsx,renderer
renderer/views/QuickLauncher.tsx,renderer/views/QuickLauncher.tsx,renderer
renderer/views/Settings.tsx,renderer/views/Settings.tsx,renderer
renderer/views/WindowControls.tsx,renderer/views/WindowControls.tsx,renderer
renderer/views/api.ts,renderer/views/api.ts,renderer
renderer/controls/ActionContextMenu.tsx,renderer/controls/ActionContextMenu.tsx,renderer
renderer/controls/ActionControl.tsx,renderer/controls/ActionControl.tsx,renderer
renderer/controls/ActionDropdown.tsx,renderer/controls/ActionDropdown.tsx,renderer
renderer/controls/Advanced.tsx,renderer/controls/Advanced.tsx,renderer
renderer/controls/Banner.tsx,renderer/controls/Banner.tsx,renderer
renderer/controls/Collapse.tsx,renderer/controls/Collapse.tsx,renderer
renderer/controls/CollapseIcon.tsx,renderer/controls/CollapseIcon.tsx,renderer
renderer/controls/ComponentEx.ts,renderer/controls/ComponentEx.ts,renderer
renderer/controls/ContextMenu.tsx,renderer/controls/ContextMenu.tsx,renderer
renderer/controls/CopyClipboardInput.tsx,renderer/controls/CopyClipboardInput.tsx,renderer
renderer/controls/Dashlet.tsx,renderer/controls/Dashlet.tsx,renderer
renderer/controls/DraggableList.tsx,renderer/controls/DraggableList.tsx,renderer
renderer/controls/DraggableListItem.tsx,renderer/controls/DraggableListItem.tsx,renderer
renderer/controls/Dropdown.tsx,renderer/controls/Dropdown.tsx,renderer
renderer/controls/DropdownButton.tsx,renderer/controls/DropdownButton.tsx,renderer
renderer/controls/Dropzone.tsx,renderer/controls/Dropzone.tsx,renderer
renderer/controls/DynDiv.tsx,renderer/controls/DynDiv.tsx,renderer
renderer/controls/DynamicProps.tsx,renderer/controls/DynamicProps.tsx,renderer
renderer/controls/EmptyPlaceholder.tsx,renderer/controls/EmptyPlaceholder.tsx,renderer
renderer/controls/ErrorBoundary.tsx,renderer/controls/ErrorBoundary.tsx,renderer
renderer/controls/ExtensibleControl.tsx,renderer/controls/ExtensibleControl.tsx,renderer
renderer/controls/ExtensionGate.tsx,renderer/controls/ExtensionGate.tsx,renderer
renderer/controls/FlexLayout.tsx,renderer/controls/FlexLayout.tsx,renderer
renderer/controls/FormFeedback.tsx,renderer/controls/FormFeedback.tsx,renderer
renderer/controls/FormFields.tsx,renderer/controls/FormFields.tsx,renderer
renderer/controls/FormInput.tsx,renderer/controls/FormInput.tsx,renderer
renderer/controls/Icon.base.tsx,renderer/controls/Icon.base.tsx,renderer
renderer/controls/Icon.tsx,renderer/controls/Icon.tsx,renderer
renderer/controls/IconBar.tsx,renderer/controls/IconBar.tsx,renderer
renderer/controls/Image.tsx,renderer/controls/Image.tsx,renderer
renderer/controls/InputButton.tsx,renderer/controls/InputButton.tsx,renderer
renderer/controls/LazyComponent.tsx,renderer/controls/LazyComponent.tsx,renderer
renderer/controls/Modal.tsx,renderer/controls/Modal.tsx,renderer
renderer/controls/More.tsx,renderer/controls/More.tsx,renderer
renderer/controls/Overlay.tsx,renderer/controls/Overlay.tsx,renderer
renderer/controls/OverlayTrigger.tsx,renderer/controls/OverlayTrigger.tsx,renderer
renderer/controls/PlaceholderTextArea.tsx,renderer/controls/PlaceholderTextArea.tsx,renderer
renderer/controls/PortalMenu.tsx,renderer/controls/PortalMenu.tsx,renderer
renderer/controls/ProgressBar.tsx,renderer/controls/ProgressBar.tsx,renderer
renderer/controls/RadialProgress.tsx,renderer/controls/RadialProgress.tsx,renderer
renderer/controls/ReactSelectWrap.tsx,renderer/controls/ReactSelectWrap.tsx,renderer
renderer/controls/SelectUpDown.tsx,renderer/controls/SelectUpDown.tsx,renderer
renderer/controls/Spinner.tsx,renderer/controls/Spinner.tsx,renderer
renderer/controls/Step.tsx,renderer/controls/Step.tsx,renderer
renderer/controls/Steps.tsx,renderer/controls/Steps.tsx,renderer
renderer/controls/Table.tsx,renderer/controls/Table.tsx,renderer
renderer/controls/Timer.tsx,renderer/controls/Timer.tsx,renderer
renderer/controls/Toggle.tsx,renderer/controls/Toggle.tsx,renderer
renderer/controls/ToolIcon.tsx,renderer/controls/ToolIcon.tsx,renderer
renderer/controls/ToolbarDropdown.tsx,renderer/controls/ToolbarDropdown.tsx,renderer
renderer/controls/ToolbarIcon.tsx,renderer/controls/ToolbarIcon.tsx,renderer
renderer/controls/TooltipControls.tsx,renderer/controls/TooltipControls.tsx,renderer
renderer/controls/TriStateCheckbox.tsx,renderer/controls/TriStateCheckbox.tsx,renderer
renderer/controls/Usage.tsx,renderer/controls/Usage.tsx,renderer
renderer/controls/VisibilityProxy.tsx,renderer/controls/VisibilityProxy.tsx,renderer
renderer/controls/Webview.tsx,renderer/controls/Webview.tsx,renderer
renderer/controls/ZoomableImage.tsx,renderer/controls/ZoomableImage.tsx,renderer
renderer/controls/api.ts,renderer/controls/api.ts,renderer
renderer/controls/constants.ts,renderer/controls/constants.ts,renderer
renderer/controls/table/DateTimeFilter.tsx,renderer/controls/table/DateTimeFilter.tsx,renderer
renderer/controls/table/GameFilter.tsx,renderer/controls/table/GameFilter.tsx,renderer
renderer/controls/table/GroupingRow.tsx,renderer/controls/table/GroupingRow.tsx,renderer
renderer/controls/table/HeaderCell.tsx,renderer/controls/table/HeaderCell.tsx,renderer
renderer/controls/table/MyTable.tsx,renderer/controls/table/MyTable.tsx,renderer
renderer/controls/table/NumericFilter.tsx,renderer/controls/table/NumericFilter.tsx,renderer
renderer/controls/table/OptionsFilter.tsx,renderer/controls/table/OptionsFilter.tsx,renderer
renderer/controls/table/SortIndicator.tsx,renderer/controls/table/SortIndicator.tsx,renderer
renderer/controls/table/TableDetail.tsx,renderer/controls/table/TableDetail.tsx,renderer
renderer/controls/table/TableRow.tsx,renderer/controls/table/TableRow.tsx,renderer
renderer/controls/table/TextFilter.tsx,renderer/controls/table/TextFilter.tsx,renderer
renderer/controls/bbcode/BrTag.tsx,renderer/controls/bbcode/BrTag.tsx,renderer
renderer/controls/bbcode/FontTag.tsx,renderer/controls/bbcode/FontTag.tsx,renderer
renderer/controls/bbcode/HeadingTag.tsx,renderer/controls/bbcode/HeadingTag.tsx,renderer
renderer/controls/bbcode/IdentityTag.tsx,renderer/controls/bbcode/IdentityTag.tsx,renderer
renderer/controls/bbcode/LineTag.tsx,renderer/controls/bbcode/LineTag.tsx,renderer
renderer/controls/bbcode/LinkTag.tsx,renderer/controls/bbcode/LinkTag.tsx,renderer
renderer/controls/bbcode/MoreTag.tsx,renderer/controls/bbcode/MoreTag.tsx,renderer
renderer/controls/bbcode/SizeTag.tsx,renderer/controls/bbcode/SizeTag.tsx,renderer
renderer/controls/bbcode/SpoilerTag.tsx,renderer/controls/bbcode/SpoilerTag.tsx,renderer
renderer/controls/bbcode/StyleTag.tsx,renderer/controls/bbcode/StyleTag.tsx,renderer
renderer/controls/bbcode/SvgTag.tsx,renderer/controls/bbcode/SvgTag.tsx,renderer
renderer/controls/bbcode/TooltipTag.tsx,renderer/controls/bbcode/TooltipTag.tsx,renderer
renderer/controls/bbcode/YoutubeTag.tsx,renderer/controls/bbcode/YoutubeTag.tsx,renderer
renderer/controls/bbcode/index.ts,renderer/controls/bbcode/index.ts,renderer
reducers/app.ts,reducers/app.ts,reducers
reducers/index.ts,reducers/index.ts,reducers
reducers/loadOrder.ts,reducers/loadOrder.ts,reducers
reducers/notificationSettings.ts,reducers/notificationSettings.ts,reducers
reducers/notifications.ts,reducers/notifications.ts,reducers
reducers/session.ts,reducers/session.ts,reducers
reducers/tables.ts,reducers/tables.ts,reducers
reducers/user.ts,reducers/user.ts,reducers
reducers/window.ts,reducers/window.ts,reducers
main/Application.ts,main/Application.ts,main
main/MainWindow.ts,main/MainWindow.ts,main
main/SplashScreen.ts,main/SplashScreen.ts,main
main/TrayIcon.ts,main/TrayIcon.ts,main
extensions/index.ts,extensions/index.ts,extensions
extensions/updater/SettingsUpdate.tsx,extensions/updater/SettingsUpdate.tsx,extensions
extensions/updater/actions.ts,extensions/updater/actions.ts,extensions
extensions/updater/autoupdater.ts,extensions/updater/autoupdater.ts,extensions
extensions/updater/index.ts,extensions/updater/index.ts,extensions
extensions/updater/reducers.ts,extensions/updater/reducers.ts,extensions
extensions/tool_variables_base/index.ts,extensions/tool_variables_base/index.ts,extensions
extensions/test_runner/index.ts,extensions/test_runner/index.ts,extensions
extensions/tailwind_dev/index.ts,extensions/tailwind_dev/index.ts,extensions
extensions/tailwind_dev/views/TailwindPage.tsx,extensions/tailwind_dev/views/TailwindPage.tsx,extensions
extensions/symlink_activator_elevate/Settings.tsx,extensions/symlink_activator_elevate/Settings.tsx,extensions
extensions/symlink_activator_elevate/actions.ts,extensions/symlink_activator_elevate/actions.ts,extensions
extensions/symlink_activator_elevate/index.ts,extensions/symlink_activator_elevate/index.ts,extensions
extensions/symlink_activator_elevate/reducers.ts,extensions/symlink_activator_elevate/reducers.ts,extensions
extensions/symlink_activator_elevate/remoteCode.ts,extensions/symlink_activator_elevate/remoteCode.ts,extensions
extensions/symlink_activator_elevate/walk.ts,extensions/symlink_activator_elevate/walk.ts,extensions
extensions/symlink_activator/index.ts,extensions/symlink_activator/index.ts,extensions
extensions/sticky_mods/index.ts,extensions/sticky_mods/index.ts,extensions
extensions/starter_dashlet/AddToolButton.tsx,extensions/starter_dashlet/AddToolButton.tsx,extensions
extensions/starter_dashlet/BoxWithHandle.tsx,extensions/starter_dashlet/BoxWithHandle.tsx,extensions
extensions/starter_dashlet/EnvButton.tsx,extensions/starter_dashlet/EnvButton.tsx,extensions
extensions/starter_dashlet/Environment.tsx,extensions/starter_dashlet/Environment.tsx,extensions
extensions/starter_dashlet/Tool.tsx,extensions/starter_dashlet/Tool.tsx,extensions
extensions/starter_dashlet/ToolButton.tsx,extensions/starter_dashlet/ToolButton.tsx,extensions
extensions/starter_dashlet/ToolEditDialog.tsx,extensions/starter_dashlet/ToolEditDialog.tsx,extensions
extensions/starter_dashlet/Tools.tsx,extensions/starter_dashlet/Tools.tsx,extensions
extensions/starter_dashlet/actions.ts,extensions/starter_dashlet/actions.ts,extensions
extensions/starter_dashlet/index.ts,extensions/starter_dashlet/index.ts,extensions
extensions/starter_dashlet/reducers.ts,extensions/starter_dashlet/reducers.ts,extensions
extensions/starter_dashlet/types.ts,extensions/starter_dashlet/types.ts,extensions
extensions/starter_dashlet/useDebouncedCallback.ts,extensions/starter_dashlet/useDebouncedCallback.ts,extensions
extensions/starter_dashlet/util.ts,extensions/starter_dashlet/util.ts,extensions
extensions/settings_metaserver/SettingsMetaserver.tsx,extensions/settings_metaserver/SettingsMetaserver.tsx,extensions
extensions/settings_metaserver/actions.ts,extensions/settings_metaserver/actions.ts,extensions
extensions/settings_metaserver/index.ts,extensions/settings_metaserver/index.ts,extensions
extensions/settings_metaserver/reducers.ts,extensions/settings_metaserver/reducers.ts,extensions
extensions/settings_metaserver/texts.ts,extensions/settings_metaserver/texts.ts,extensions
extensions/settings_interface/SettingsInterface.tsx,extensions/settings_interface/SettingsInterface.tsx,extensions
extensions/settings_interface/index.ts,extensions/settings_interface/index.ts,extensions
extensions/settings_interface/languagemap.ts,extensions/settings_interface/languagemap.ts,extensions
extensions/settings_interface/texts.ts,extensions/settings_interface/texts.ts,extensions
extensions/settings_interface/reducers/automation.ts,extensions/settings_interface/reducers/automation.ts,extensions
extensions/settings_interface/reducers/interface.ts,extensions/settings_interface/reducers/interface.ts,extensions
extensions/settings_interface/actions/automation.ts,extensions/settings_interface/actions/automation.ts,extensions
extensions/settings_interface/actions/interface.ts,extensions/settings_interface/actions/interface.ts,extensions
extensions/settings_application/SettingsVortex.tsx,extensions/settings_application/SettingsVortex.tsx,extensions
extensions/settings_application/index.ts,extensions/settings_application/index.ts,extensions
extensions/settings_application/texts.ts,extensions/settings_application/texts.ts,extensions
extensions/recovery/Workarounds.tsx,extensions/recovery/Workarounds.tsx,extensions
extensions/recovery/index.ts,extensions/recovery/index.ts,extensions
extensions/profile_management/constants.ts,extensions/profile_management/constants.ts,extensions
extensions/profile_management/index.ts,extensions/profile_management/index.ts,extensions
extensions/profile_management/selectors.ts,extensions/profile_management/selectors.ts,extensions
extensions/profile_management/sync.ts,extensions/profile_management/sync.ts,extensions
extensions/profile_management/texts.ts,extensions/profile_management/texts.ts,extensions
extensions/profile_management/views/Connector.tsx,extensions/profile_management/views/Connector.tsx,extensions
extensions/profile_management/views/Line.tsx,extensions/profile_management/views/Line.tsx,extensions
extensions/profile_management/views/ProfileEdit.tsx,extensions/profile_management/views/ProfileEdit.tsx,extensions
extensions/profile_management/views/ProfileItem.tsx,extensions/profile_management/views/ProfileItem.tsx,extensions
extensions/profile_management/views/ProfileView.tsx,extensions/profile_management/views/ProfileView.tsx,extensions
extensions/profile_management/views/TransferDialog.tsx,extensions/profile_management/views/TransferDialog.tsx,extensions
extensions/profile_management/views/TransferIcon.tsx,extensions/profile_management/views/TransferIcon.tsx,extensions
extensions/profile_management/util/manage.ts,extensions/profile_management/util/manage.ts,extensions
extensions/profile_management/types/Errors.ts,extensions/profile_management/types/Errors.ts,extensions
extensions/profile_management/types/IProfile.ts,extensions/profile_management/types/IProfile.ts,extensions
extensions/profile_management/types/IProfileFeature.ts,extensions/profile_management/types/IProfileFeature.ts,extensions
extensions/profile_management/reducers/profiles.ts,extensions/profile_management/reducers/profiles.ts,extensions
extensions/profile_management/reducers/settings.ts,extensions/profile_management/reducers/settings.ts,extensions
extensions/profile_management/reducers/transferSetup.ts,extensions/profile_management/reducers/transferSetup.ts,extensions
extensions/profile_management/actions/profiles.ts,extensions/profile_management/actions/profiles.ts,extensions
extensions/profile_management/actions/settings.ts,extensions/profile_management/actions/settings.ts,extensions
extensions/profile_management/actions/transferSetup.ts,extensions/profile_management/actions/transferSetup.ts,extensions
extensions/onboarding_dashlet/Dashlet.tsx,extensions/onboarding_dashlet/Dashlet.tsx,extensions
extensions/onboarding_dashlet/actions.ts,extensions/onboarding_dashlet/actions.ts,extensions
extensions/onboarding_dashlet/index.ts,extensions/onboarding_dashlet/index.ts,extensions
extensions/onboarding_dashlet/reducers.ts,extensions/onboarding_dashlet/reducers.ts,extensions
extensions/onboarding_dashlet/steps.ts,extensions/onboarding_dashlet/steps.ts,extensions
extensions/onboarding_dashlet/views/Overlay.tsx,extensions/onboarding_dashlet/views/Overlay.tsx,extensions
extensions/null_activator/index.ts,extensions/null_activator/index.ts,extensions
extensions/nexus_integration/NXMUrl.ts,extensions/nexus_integration/NXMUrl.ts,extensions
extensions/nexus_integration/attributes.tsx,extensions/nexus_integration/attributes.tsx,extensions
extensions/nexus_integration/constants.ts,extensions/nexus_integration/constants.ts,extensions
extensions/nexus_integration/eventHandlers.ts,extensions/nexus_integration/eventHandlers.ts,extensions
extensions/nexus_integration/index.tsx,extensions/nexus_integration/index.tsx,extensions
extensions/nexus_integration/selectors.ts,extensions/nexus_integration/selectors.ts,extensions
extensions/nexus_integration/texts.ts,extensions/nexus_integration/texts.ts,extensions
extensions/nexus_integration/util.ts,extensions/nexus_integration/util.ts,extensions
extensions/nexus_integration/views/DashboardBanner.tsx,extensions/nexus_integration/views/DashboardBanner.tsx,extensions
extensions/nexus_integration/views/EndorseModButton.tsx,extensions/nexus_integration/views/EndorseModButton.tsx,extensions
extensions/nexus_integration/views/EndorsementFilter.tsx,extensions/nexus_integration/views/EndorsementFilter.tsx,extensions
extensions/nexus_integration/views/FreeUserDLDialog.tsx,extensions/nexus_integration/views/FreeUserDLDialog.tsx,extensions
extensions/nexus_integration/views/GoPremiumDashlet.tsx,extensions/nexus_integration/views/GoPremiumDashlet.tsx,extensions
extensions/nexus_integration/views/LoginDialog.tsx,extensions/nexus_integration/views/LoginDialog.tsx,extensions
extensions/nexus_integration/views/LoginIcon.tsx,extensions/nexus_integration/views/LoginIcon.tsx,extensions
extensions/nexus_integration/views/NewFreeDownloadModal.tsx,extensions/nexus_integration/views/NewFreeDownloadModal.tsx,extensions
extensions/nexus_integration/views/NexusModIdDetail.tsx,extensions/nexus_integration/views/NexusModIdDetail.tsx,extensions
extensions/nexus_integration/views/Settings.tsx,extensions/nexus_integration/views/Settings.tsx,extensions
extensions/nexus_integration/util/UIDs.ts,extensions/nexus_integration/util/UIDs.ts,extensions
extensions/nexus_integration/util/checkModsVersion.ts,extensions/nexus_integration/util/checkModsVersion.ts,extensions
extensions/nexus_integration/util/chromeAllowScheme.ts,extensions/nexus_integration/util/chromeAllowScheme.ts,extensions
extensions/nexus_integration/util/chromePath.ts,extensions/nexus_integration/util/chromePath.ts,extensions
extensions/nexus_integration/util/convertGameId.ts,extensions/nexus_integration/util/convertGameId.ts,extensions
extensions/nexus_integration/util/endorseMod.ts,extensions/nexus_integration/util/endorseMod.ts,extensions
extensions/nexus_integration/util/graphQueries.ts,extensions/nexus_integration/util/graphQueries.ts,extensions
extensions/nexus_integration/util/guessModID.ts,extensions/nexus_integration/util/guessModID.ts,extensions
extensions/nexus_integration/util/nexusmodslogo.ts,extensions/nexus_integration/util/nexusmodslogo.ts,extensions
extensions/nexus_integration/util/oauth.ts,extensions/nexus_integration/util/oauth.ts,extensions
extensions/nexus_integration/util/retrieveCategories.ts,extensions/nexus_integration/util/retrieveCategories.ts,extensions
extensions/nexus_integration/util/sso.ts,extensions/nexus_integration/util/sso.ts,extensions
extensions/nexus_integration/util/submitFeedback.ts,extensions/nexus_integration/util/submitFeedback.ts,extensions
extensions/nexus_integration/util/tracking.tsx,extensions/nexus_integration/util/tracking.tsx,extensions
extensions/nexus_integration/util/transformUserInfo.ts,extensions/nexus_integration/util/transformUserInfo.ts,extensions
extensions/nexus_integration/util/vortexicon.ts,extensions/nexus_integration/util/vortexicon.ts,extensions
extensions/nexus_integration/types/IJWTAccessToken.ts,extensions/nexus_integration/types/IJWTAccessToken.ts,extensions
extensions/nexus_integration/types/INexusAPIExtension.ts,extensions/nexus_integration/types/INexusAPIExtension.ts,extensions
extensions/nexus_integration/types/IValidateKeyData.ts,extensions/nexus_integration/types/IValidateKeyData.ts,extensions
extensions/nexus_integration/reducers/account.ts,extensions/nexus_integration/reducers/account.ts,extensions
extensions/nexus_integration/reducers/persistent.ts,extensions/nexus_integration/reducers/persistent.ts,extensions
extensions/nexus_integration/reducers/session.ts,extensions/nexus_integration/reducers/session.ts,extensions
extensions/nexus_integration/reducers/settings.ts,extensions/nexus_integration/reducers/settings.ts,extensions
extensions/nexus_integration/actions/account.ts,extensions/nexus_integration/actions/account.ts,extensions
extensions/nexus_integration/actions/persistent.ts,extensions/nexus_integration/actions/persistent.ts,extensions
extensions/nexus_integration/actions/session.ts,extensions/nexus_integration/actions/session.ts,extensions
extensions/nexus_integration/actions/settings.ts,extensions/nexus_integration/actions/settings.ts,extensions
extensions/news_dashlet/APIDashlet.tsx,extensions/news_dashlet/APIDashlet.tsx,extensions
extensions/news_dashlet/BaseDashlet.tsx,extensions/news_dashlet/BaseDashlet.tsx,extensions
extensions/news_dashlet/RSSDashlet.tsx,extensions/news_dashlet/RSSDashlet.tsx,extensions
extensions/news_dashlet/constants.ts,extensions/news_dashlet/constants.ts,extensions
extensions/news_dashlet/index.ts,extensions/news_dashlet/index.ts,extensions
extensions/news_dashlet/rss.ts,extensions/news_dashlet/rss.ts,extensions
extensions/news_dashlet/types.ts,extensions/news_dashlet/types.ts,extensions
extensions/move_activator/index.ts,extensions/move_activator/index.ts,extensions
extensions/mod_spotlights_dashlet/ModSpotlightsDashlet.tsx,extensions/mod_spotlights_dashlet/ModSpotlightsDashlet.tsx,extensions
extensions/mod_spotlights_dashlet/index.ts,extensions/mod_spotlights_dashlet/index.ts,extensions
extensions/mod_spotlights_dashlet/types.ts,extensions/mod_spotlights_dashlet/types.ts,extensions
extensions/mod_management/InstallContext.ts,extensions/mod_management/InstallContext.ts,extensions
extensions/mod_management/InstallManager.ts,extensions/mod_management/InstallManager.ts,extensions
extensions/mod_management/LinkingDeployment.ts,extensions/mod_management/LinkingDeployment.ts,extensions
extensions/mod_management/NotificationAggregator.ts,extensions/mod_management/NotificationAggregator.ts,extensions
extensions/mod_management/constants.ts,extensions/mod_management/constants.ts,extensions
extensions/mod_management/eventHandlers.ts,extensions/mod_management/eventHandlers.ts,extensions
extensions/mod_management/index.ts,extensions/mod_management/index.ts,extensions
extensions/mod_management/listInstaller.tsx,extensions/mod_management/listInstaller.tsx,extensions
extensions/mod_management/modActivation.ts,extensions/mod_management/modActivation.ts,extensions
extensions/mod_management/modAttributes.tsx,extensions/mod_management/modAttributes.tsx,extensions
extensions/mod_management/modIdManager.ts,extensions/mod_management/modIdManager.ts,extensions
extensions/mod_management/modMerging.ts,extensions/mod_management/modMerging.ts,extensions
extensions/mod_management/preStartDeployHook.ts,extensions/mod_management/preStartDeployHook.ts,extensions
extensions/mod_management/selectors.ts,extensions/mod_management/selectors.ts,extensions
extensions/mod_management/stagingDirectory.ts,extensions/mod_management/stagingDirectory.ts,extensions
extensions/mod_management/texts.ts,extensions/mod_management/texts.ts,extensions
extensions/mod_management/views/ActivationButton.tsx,extensions/mod_management/views/ActivationButton.tsx,extensions
extensions/mod_management/views/Author.tsx,extensions/mod_management/views/Author.tsx,extensions
extensions/mod_management/views/CheckModVersionsButton.tsx,extensions/mod_management/views/CheckModVersionsButton.tsx,extensions
extensions/mod_management/views/DeactivationButton.tsx,extensions/mod_management/views/DeactivationButton.tsx,extensions
extensions/mod_management/views/Description.tsx,extensions/mod_management/views/Description.tsx,extensions
extensions/mod_management/views/DuplicatesDialog.tsx,extensions/mod_management/views/DuplicatesDialog.tsx,extensions
extensions/mod_management/views/ExternalChangeDialog.tsx,extensions/mod_management/views/ExternalChangeDialog.tsx,extensions
extensions/mod_management/views/FixDeploymentDialog.tsx,extensions/mod_management/views/FixDeploymentDialog.tsx,extensions
extensions/mod_management/views/InstallArchiveButton.tsx,extensions/mod_management/views/InstallArchiveButton.tsx,extensions
extensions/mod_management/views/ModList.tsx,extensions/mod_management/views/ModList.tsx,extensions
extensions/mod_management/views/Settings.tsx,extensions/mod_management/views/Settings.tsx,extensions
extensions/mod_management/views/URLInput.tsx,extensions/mod_management/views/URLInput.tsx,extensions
extensions/mod_management/views/VersionChangelogButton.tsx,extensions/mod_management/views/VersionChangelogButton.tsx,extensions
extensions/mod_management/views/VersionIconButton.tsx,extensions/mod_management/views/VersionIconButton.tsx,extensions
extensions/mod_management/views/Workarounds.tsx,extensions/mod_management/views/Workarounds.tsx,extensions
extensions/mod_management/util/BlacklistSet.ts,extensions/mod_management/util/BlacklistSet.ts,extensions
extensions/mod_management/util/ModHistory.ts,extensions/mod_management/util/ModHistory.ts,extensions
extensions/mod_management/util/VersionFilter.tsx,extensions/mod_management/util/VersionFilter.tsx,extensions
extensions/mod_management/util/activationStore.ts,extensions/mod_management/util/activationStore.ts,extensions
extensions/mod_management/util/allTypesSupported.ts,extensions/mod_management/util/allTypesSupported.ts,extensions
extensions/mod_management/util/basicInstaller.ts,extensions/mod_management/util/basicInstaller.ts,extensions
extensions/mod_management/util/cSharpScriptAllowList.ts,extensions/mod_management/util/cSharpScriptAllowList.ts,extensions
extensions/mod_management/util/combine.ts,extensions/mod_management/util/combine.ts,extensions
extensions/mod_management/util/dependencies.ts,extensions/mod_management/util/dependencies.ts,extensions
extensions/mod_management/util/dependencyToModInfo.ts,extensions/mod_management/util/dependencyToModInfo.ts,extensions
extensions/mod_management/util/deploy.ts,extensions/mod_management/util/deploy.ts,extensions
extensions/mod_management/util/deploymentMethods.ts,extensions/mod_management/util/deploymentMethods.ts,extensions
extensions/mod_management/util/exceptions.ts,extensions/mod_management/util/exceptions.ts,extensions
extensions/mod_management/util/extendAPI.ts,extensions/mod_management/util/extendAPI.ts,extensions
extensions/mod_management/util/externalChanges.ts,extensions/mod_management/util/externalChanges.ts,extensions
extensions/mod_management/util/filterModInfo.ts,extensions/mod_management/util/filterModInfo.ts,extensions
extensions/mod_management/util/getInstallPath.ts,extensions/mod_management/util/getInstallPath.ts,extensions
extensions/mod_management/util/metaLookupMatch.ts,extensions/mod_management/util/metaLookupMatch.ts,extensions
extensions/mod_management/util/modGrouping.ts,extensions/mod_management/util/modGrouping.ts,extensions
extensions/mod_management/util/modName.ts,extensions/mod_management/util/modName.ts,extensions
extensions/mod_management/util/modReference.ts,extensions/mod_management/util/modReference.ts,extensions
extensions/mod_management/util/modSource.ts,extensions/mod_management/util/modSource.ts,extensions
extensions/mod_management/util/modUpdateState.ts,extensions/mod_management/util/modUpdateState.ts,extensions
extensions/mod_management/util/queryGameId.ts,extensions/mod_management/util/queryGameId.ts,extensions
extensions/mod_management/util/refreshMods.ts,extensions/mod_management/util/refreshMods.ts,extensions
extensions/mod_management/util/removeMods.ts,extensions/mod_management/util/removeMods.ts,extensions
extensions/mod_management/util/resolvePath.ts,extensions/mod_management/util/resolvePath.ts,extensions
extensions/mod_management/util/sort.ts,extensions/mod_management/util/sort.ts,extensions
extensions/mod_management/util/testModReference.ts,extensions/mod_management/util/testModReference.ts,extensions
extensions/mod_management/util/versionClean.ts,extensions/mod_management/util/versionClean.ts,extensions
extensions/mod_management/util/manifest_formats/format_1.ts,extensions/mod_management/util/manifest_formats/format_1.ts,extensions
extensions/mod_management/types/IDependency.ts,extensions/mod_management/types/IDependency.ts,extensions
extensions/mod_management/types/IDeployOptions.ts,extensions/mod_management/types/IDeployOptions.ts,extensions
extensions/mod_management/types/IDeploymentManifest.ts,extensions/mod_management/types/IDeploymentManifest.ts,extensions
extensions/mod_management/types/IDeploymentMethod.ts,extensions/mod_management/types/IDeploymentMethod.ts,extensions
extensions/mod_management/types/IFileEntry.ts,extensions/mod_management/types/IFileEntry.ts,extensions
extensions/mod_management/types/IFileMerge.ts,extensions/mod_management/types/IFileMerge.ts,extensions
extensions/mod_management/types/IInstallContext.ts,extensions/mod_management/types/IInstallContext.ts,extensions
extensions/mod_management/types/IInstallOptions.ts,extensions/mod_management/types/IInstallOptions.ts,extensions
extensions/mod_management/types/IInstallResult.ts,extensions/mod_management/types/IInstallResult.ts,extensions
extensions/mod_management/types/IMod.ts,extensions/mod_management/types/IMod.ts,extensions
extensions/mod_management/types/IModInstaller.ts,extensions/mod_management/types/IModInstaller.ts,extensions
extensions/mod_management/types/IModProps.ts,extensions/mod_management/types/IModProps.ts,extensions
extensions/mod_management/types/IModSource.ts,extensions/mod_management/types/IModSource.ts,extensions
extensions/mod_management/types/IModsAPIExtension.ts,extensions/mod_management/types/IModsAPIExtension.ts,extensions
extensions/mod_management/types/IRemoveModOptions.ts,extensions/mod_management/types/IRemoveModOptions.ts,extensions
extensions/mod_management/types/IResolvedMerger.ts,extensions/mod_management/types/IResolvedMerger.ts,extensions
extensions/mod_management/types/ISchedulePhaseDeploymentForMod.ts,extensions/mod_management/types/ISchedulePhaseDeploymentForMod.ts,extensions
extensions/mod_management/types/IStateMods.ts,extensions/mod_management/types/IStateMods.ts,extensions
extensions/mod_management/types/InstallFunc.ts,extensions/mod_management/types/InstallFunc.ts,extensions
extensions/mod_management/types/TestSupported.ts,extensions/mod_management/types/TestSupported.ts,extensions
extensions/mod_management/reducers/deployment.ts,extensions/mod_management/reducers/deployment.ts,extensions
extensions/mod_management/reducers/mods.ts,extensions/mod_management/reducers/mods.ts,extensions
extensions/mod_management/reducers/session.ts,extensions/mod_management/reducers/session.ts,extensions
extensions/mod_management/reducers/settings.ts,extensions/mod_management/reducers/settings.ts,extensions
extensions/mod_management/reducers/transactions.ts,extensions/mod_management/reducers/transactions.ts,extensions
extensions/mod_management/actions/deployment.ts,extensions/mod_management/actions/deployment.ts,extensions
extensions/mod_management/actions/mods.ts,extensions/mod_management/actions/mods.ts,extensions
extensions/mod_management/actions/session.ts,extensions/mod_management/actions/session.ts,extensions
extensions/mod_management/actions/settings.ts,extensions/mod_management/actions/settings.ts,extensions
extensions/mod_management/actions/transactions.ts,extensions/mod_management/actions/transactions.ts,extensions
extensions/mod_load_order/gameSupport.ts,extensions/mod_load_order/gameSupport.ts,extensions
extensions/mod_load_order/index.ts,extensions/mod_load_order/index.ts,extensions
extensions/mod_load_order/util.ts,extensions/mod_load_order/util.ts,extensions
extensions/mod_load_order/views/DefaultInfoPanel.tsx,extensions/mod_load_order/views/DefaultInfoPanel.tsx,extensions
extensions/mod_load_order/views/DefaultItemRenderer.tsx,extensions/mod_load_order/views/DefaultItemRenderer.tsx,extensions
extensions/mod_load_order/views/DraggableList.tsx,extensions/mod_load_order/views/DraggableList.tsx,extensions
extensions/mod_load_order/views/LoadOrderCollections.tsx,extensions/mod_load_order/views/LoadOrderCollections.tsx,extensions
extensions/mod_load_order/views/LoadOrderPage.tsx,extensions/mod_load_order/views/LoadOrderPage.tsx,extensions
extensions/mod_load_order/types/collections.ts,extensions/mod_load_order/types/collections.ts,extensions
extensions/mod_load_order/types/types.ts,extensions/mod_load_order/types/types.ts,extensions
extensions/mod_load_order/reducers/loadOrder.ts,extensions/mod_load_order/reducers/loadOrder.ts,extensions
extensions/mod_load_order/reducers/settings.ts,extensions/mod_load_order/reducers/settings.ts,extensions
extensions/mod_load_order/collections/loadOrder.ts,extensions/mod_load_order/collections/loadOrder.ts,extensions
extensions/mod_load_order/actions/loadOrder.ts,extensions/mod_load_order/actions/loadOrder.ts,extensions
extensions/mod_load_order/actions/settings.ts,extensions/mod_load_order/actions/settings.ts,extensions
extensions/instructions_overlay/Container.tsx,extensions/instructions_overlay/Container.tsx,extensions
extensions/instructions_overlay/InstructionsOverlay.tsx,extensions/instructions_overlay/InstructionsOverlay.tsx,extensions
extensions/instructions_overlay/actions.ts,extensions/instructions_overlay/actions.ts,extensions
extensions/instructions_overlay/index.ts,extensions/instructions_overlay/index.ts,extensions
extensions/instructions_overlay/reducer.ts,extensions/instructions_overlay/reducer.ts,extensions
extensions/installer_nested_fomod/index.ts,extensions/installer_nested_fomod/index.ts,extensions
extensions/installer_fomod_shared/index.ts,extensions/installer_fomod_shared/index.ts,extensions
extensions/installer_fomod_shared/views/InstallerDialog.tsx,extensions/installer_fomod_shared/views/InstallerDialog.tsx,extensions
extensions/installer_fomod_shared/utils/DialogQueue.ts,extensions/installer_fomod_shared/utils/DialogQueue.ts,extensions
extensions/installer_fomod_shared/utils/gameSupport.ts,extensions/installer_fomod_shared/utils/gameSupport.ts,extensions
extensions/installer_fomod_shared/utils/guards.ts,extensions/installer_fomod_shared/utils/guards.ts,extensions
extensions/installer_fomod_shared/utils/helpers.ts,extensions/installer_fomod_shared/utils/helpers.ts,extensions
extensions/installer_fomod_shared/types/interface.ts,extensions/installer_fomod_shared/types/interface.ts,extensions
extensions/installer_fomod_shared/reducers/installerUI.ts,extensions/installer_fomod_shared/reducers/installerUI.ts,extensions
extensions/installer_fomod_shared/delegates/SharedDelegates.ts,extensions/installer_fomod_shared/delegates/SharedDelegates.ts,extensions
extensions/installer_fomod_shared/actions/installerUI.ts,extensions/installer_fomod_shared/actions/installerUI.ts,extensions
extensions/installer_fomod_native/index.ts,extensions/installer_fomod_native/index.ts,extensions
extensions/installer_fomod_native/installer.ts,extensions/installer_fomod_native/installer.ts,extensions
extensions/installer_fomod_native/tester.ts,extensions/installer_fomod_native/tester.ts,extensions
extensions/installer_fomod_native/utils/DialogManager.ts,extensions/installer_fomod_native/utils/DialogManager.ts,extensions
extensions/installer_fomod_native/utils/VortexModInstaller.ts,extensions/installer_fomod_native/utils/VortexModInstaller.ts,extensions
extensions/installer_fomod_native/utils/VortexModInstallerFileSystem.ts,extensions/installer_fomod_native/utils/VortexModInstallerFileSystem.ts,extensions
extensions/installer_fomod_native/utils/VortexModInstallerLogger.ts,extensions/installer_fomod_native/utils/VortexModInstallerLogger.ts,extensions
extensions/installer_fomod_native/utils/VortexModTester.ts,extensions/installer_fomod_native/utils/VortexModTester.ts,extensions
extensions/installer_fomod_native/utils/guards.ts,extensions/installer_fomod_native/utils/guards.ts,extensions
extensions/installer_fomod_ipc/index.ts,extensions/installer_fomod_ipc/index.ts,extensions
extensions/installer_fomod_ipc/installer.ts,extensions/installer_fomod_ipc/installer.ts,extensions
extensions/installer_fomod_ipc/tester.ts,extensions/installer_fomod_ipc/tester.ts,extensions
extensions/installer_fomod_ipc/views/Sandbox.tsx,extensions/installer_fomod_ipc/views/Sandbox.tsx,extensions
extensions/installer_fomod_ipc/utils/VortexIPCConnection.ts,extensions/installer_fomod_ipc/utils/VortexIPCConnection.ts,extensions
extensions/installer_fomod_ipc/utils/connectionStrategy.ts,extensions/installer_fomod_ipc/utils/connectionStrategy.ts,extensions
extensions/installer_fomod_ipc/reducers/sandbox.ts,extensions/installer_fomod_ipc/reducers/sandbox.ts,extensions
extensions/installer_fomod_ipc/delegates/CSharpDelegates.ts,extensions/installer_fomod_ipc/delegates/CSharpDelegates.ts,extensions
extensions/installer_fomod_ipc/actions/sandbox.ts,extensions/installer_fomod_ipc/actions/sandbox.ts,extensions
extensions/installer_dotnet/constants.ts,extensions/installer_dotnet/constants.ts,extensions
extensions/installer_dotnet/index.ts,extensions/installer_dotnet/index.ts,extensions
extensions/ini_prep/TweakList.tsx,extensions/ini_prep/TweakList.tsx,extensions
extensions/ini_prep/gameSupport.ts,extensions/ini_prep/gameSupport.ts,extensions
extensions/ini_prep/index.ts,extensions/ini_prep/index.ts,extensions
extensions/history_management/HistoryDialog.tsx,extensions/history_management/HistoryDialog.tsx,extensions
extensions/history_management/actions.ts,extensions/history_management/actions.ts,extensions
extensions/history_management/index.ts,extensions/history_management/index.ts,extensions
extensions/history_management/reducers.ts,extensions/history_management/reducers.ts,extensions
extensions/history_management/types.ts,extensions/history_management/types.ts,extensions
extensions/hardlink_activator/index.ts,extensions/hardlink_activator/index.ts,extensions
extensions/gameversion_management/GameVersionManager.ts,extensions/gameversion_management/GameVersionManager.ts,extensions
extensions/gameversion_management/index.ts,extensions/gameversion_management/index.ts,extensions
extensions/gameversion_management/util/getGameVersion.ts,extensions/gameversion_management/util/getGameVersion.ts,extensions
extensions/gameversion_management/util/validation.ts,extensions/gameversion_management/util/validation.ts,extensions
extensions/gameversion_management/types/IGameVersionProvider.ts,extensions/gameversion_management/types/IGameVersionProvider.ts,extensions
extensions/gamemode_management/GameModeManager.ts,extensions/gamemode_management/GameModeManager.ts,extensions
extensions/gamemode_management/constants.ts,extensions/gamemode_management/constants.ts,extensions
extensions/gamemode_management/index.ts,extensions/gamemode_management/index.ts,extensions
extensions/gamemode_management/selectors.ts,extensions/gamemode_management/selectors.ts,extensions
extensions/gamemode_management/views/GameInfoPopover.tsx,extensions/gamemode_management/views/GameInfoPopover.tsx,extensions
extensions/gamemode_management/views/GamePicker.tsx,extensions/gamemode_management/views/GamePicker.tsx,extensions
extensions/gamemode_management/views/GameRow.tsx,extensions/gamemode_management/views/GameRow.tsx,extensions
extensions/gamemode_management/views/GameThumbnail.tsx,extensions/gamemode_management/views/GameThumbnail.tsx,extensions
extensions/gamemode_management/views/HideGameIcon.tsx,extensions/gamemode_management/views/HideGameIcon.tsx,extensions
extensions/gamemode_management/views/ModTypeWidget.tsx,extensions/gamemode_management/views/ModTypeWidget.tsx,extensions
extensions/gamemode_management/views/NoGameDashlet.tsx,extensions/gamemode_management/views/NoGameDashlet.tsx,extensions
extensions/gamemode_management/views/PathSelection.tsx,extensions/gamemode_management/views/PathSelection.tsx,extensions
extensions/gamemode_management/views/ProgressFooter.tsx,extensions/gamemode_management/views/ProgressFooter.tsx,extensions
extensions/gamemode_management/views/RecentlyManagedDashlet.tsx,extensions/gamemode_management/views/RecentlyManagedDashlet.tsx,extensions
extensions/gamemode_management/views/ShowHiddenButton.tsx,extensions/gamemode_management/views/ShowHiddenButton.tsx,extensions
extensions/gamemode_management/util/ProcessMonitor.ts,extensions/gamemode_management/util/ProcessMonitor.ts,extensions
extensions/gamemode_management/util/Progress.ts,extensions/gamemode_management/util/Progress.ts,extensions
extensions/gamemode_management/util/discovery.ts,extensions/gamemode_management/util/discovery.ts,extensions
extensions/gamemode_management/util/getDriveList.ts,extensions/gamemode_management/util/getDriveList.ts,extensions
extensions/gamemode_management/util/getGame.ts,extensions/gamemode_management/util/getGame.ts,extensions
extensions/gamemode_management/util/modTypeExtensions.ts,extensions/gamemode_management/util/modTypeExtensions.ts,extensions
extensions/gamemode_management/util/queryGameInfo.ts,extensions/gamemode_management/util/queryGameInfo.ts,extensions
extensions/gamemode_management/types/IDiscoveryResult.ts,extensions/gamemode_management/types/IDiscoveryResult.ts,extensions
extensions/gamemode_management/types/IGameStored.ts,extensions/gamemode_management/types/IGameStored.ts,extensions
extensions/gamemode_management/types/IModType.ts,extensions/gamemode_management/types/IModType.ts,extensions
extensions/gamemode_management/types/IToolStored.ts,extensions/gamemode_management/types/IToolStored.ts,extensions
extensions/gamemode_management/reducers/discovery.ts,extensions/gamemode_management/reducers/discovery.ts,extensions
extensions/gamemode_management/reducers/persistent.ts,extensions/gamemode_management/reducers/persistent.ts,extensions
extensions/gamemode_management/reducers/session.ts,extensions/gamemode_management/reducers/session.ts,extensions
extensions/gamemode_management/reducers/settings.ts,extensions/gamemode_management/reducers/settings.ts,extensions
extensions/gamemode_management/actions/discovery.ts,extensions/gamemode_management/actions/discovery.ts,extensions
extensions/gamemode_management/actions/persistent.ts,extensions/gamemode_management/actions/persistent.ts,extensions
extensions/gamemode_management/actions/session.ts,extensions/gamemode_management/actions/session.ts,extensions
extensions/gamemode_management/actions/settings.ts,extensions/gamemode_management/actions/settings.ts,extensions
extensions/firststeps_dashlet/Dashlet.tsx,extensions/firststeps_dashlet/Dashlet.tsx,extensions
extensions/firststeps_dashlet/IToDo.ts,extensions/firststeps_dashlet/IToDo.ts,extensions
extensions/firststeps_dashlet/actions.ts,extensions/firststeps_dashlet/actions.ts,extensions
extensions/firststeps_dashlet/index.ts,extensions/firststeps_dashlet/index.ts,extensions
extensions/firststeps_dashlet/reducers.ts,extensions/firststeps_dashlet/reducers.ts,extensions
extensions/firststeps_dashlet/todos.tsx,extensions/firststeps_dashlet/todos.tsx,extensions
extensions/file_preview/index.ts,extensions/file_preview/index.ts,extensions
extensions/file_based_loadorder/UpdateSet.ts,extensions/file_based_loadorder/UpdateSet.ts,extensions
extensions/file_based_loadorder/gameSupport.ts,extensions/file_based_loadorder/gameSupport.ts,extensions
extensions/file_based_loadorder/index.ts,extensions/file_based_loadorder/index.ts,extensions
extensions/file_based_loadorder/selectors.ts,extensions/file_based_loadorder/selectors.ts,extensions
extensions/file_based_loadorder/util.ts,extensions/file_based_loadorder/util.ts,extensions
extensions/file_based_loadorder/views/FileBasedLoadOrderPage.tsx,extensions/file_based_loadorder/views/FileBasedLoadOrderPage.tsx,extensions
extensions/file_based_loadorder/views/FilterBox.tsx,extensions/file_based_loadorder/views/FilterBox.tsx,extensions
extensions/file_based_loadorder/views/InfoPanel.tsx,extensions/file_based_loadorder/views/InfoPanel.tsx,extensions
extensions/file_based_loadorder/views/ItemRenderer.tsx,extensions/file_based_loadorder/views/ItemRenderer.tsx,extensions
extensions/file_based_loadorder/views/LoadOrderCollections.tsx,extensions/file_based_loadorder/views/LoadOrderCollections.tsx,extensions
extensions/file_based_loadorder/views/loadOrderIndex.tsx,extensions/file_based_loadorder/views/loadOrderIndex.tsx,extensions
extensions/file_based_loadorder/types/collections.ts,extensions/file_based_loadorder/types/collections.ts,extensions
extensions/file_based_loadorder/types/types.ts,extensions/file_based_loadorder/types/types.ts,extensions
extensions/file_based_loadorder/reducers/loadOrder.ts,extensions/file_based_loadorder/reducers/loadOrder.ts,extensions
extensions/file_based_loadorder/reducers/session.ts,extensions/file_based_loadorder/reducers/session.ts,extensions
extensions/file_based_loadorder/collections/loadOrder.ts,extensions/file_based_loadorder/collections/loadOrder.ts,extensions
extensions/file_based_loadorder/actions/loadOrder.ts,extensions/file_based_loadorder/actions/loadOrder.ts,extensions
extensions/file_based_loadorder/actions/session.ts,extensions/file_based_loadorder/actions/session.ts,extensions
extensions/extension_manager/BrowseExtensions.tsx,extensions/extension_manager/BrowseExtensions.tsx,extensions
extensions/extension_manager/ExtensionManager.tsx,extensions/extension_manager/ExtensionManager.tsx,extensions
extensions/extension_manager/actions.ts,extensions/extension_manager/actions.ts,extensions
extensions/extension_manager/index.ts,extensions/extension_manager/index.ts,extensions
extensions/extension_manager/installExtension.ts,extensions/extension_manager/installExtension.ts,extensions
extensions/extension_manager/reducers.ts,extensions/extension_manager/reducers.ts,extensions
extensions/extension_manager/tableAttributes.tsx,extensions/extension_manager/tableAttributes.tsx,extensions
extensions/extension_manager/types.ts,extensions/extension_manager/types.ts,extensions
extensions/extension_manager/util.ts,extensions/extension_manager/util.ts,extensions
extensions/download_management/DownloadManager.ts,extensions/download_management/DownloadManager.ts,extensions
extensions/download_management/DownloadObserver.ts,extensions/download_management/DownloadObserver.ts,extensions
extensions/download_management/FileAssembler.ts,extensions/download_management/FileAssembler.ts,extensions
extensions/download_management/SpeedCalculator.ts,extensions/download_management/SpeedCalculator.ts,extensions
extensions/download_management/downloadAttributes.tsx,extensions/download_management/downloadAttributes.tsx,extensions
extensions/download_management/index.ts,extensions/download_management/index.ts,extensions
extensions/download_management/selectors.ts,extensions/download_management/selectors.ts,extensions
extensions/download_management/texts.ts,extensions/download_management/texts.ts,extensions
extensions/download_management/views/Dashlet.tsx,extensions/download_management/views/Dashlet.tsx,extensions
extensions/download_management/views/DownloadGameList.tsx,extensions/download_management/views/DownloadGameList.tsx,extensions
extensions/download_management/views/DownloadGraph.tsx,extensions/download_management/views/DownloadGraph.tsx,extensions
extensions/download_management/views/DownloadProgressFilter.tsx,extensions/download_management/views/DownloadProgressFilter.tsx,extensions
extensions/download_management/views/DownloadView.tsx,extensions/download_management/views/DownloadView.tsx,extensions
extensions/download_management/views/FileTime.tsx,extensions/download_management/views/FileTime.tsx,extensions
extensions/download_management/views/Settings.tsx,extensions/download_management/views/Settings.tsx,extensions
extensions/download_management/views/ShutdownButton.tsx,extensions/download_management/views/ShutdownButton.tsx,extensions
extensions/download_management/views/SpeedOMeter.tsx,extensions/download_management/views/SpeedOMeter.tsx,extensions
extensions/download_management/util/downloadDirectory.ts,extensions/download_management/util/downloadDirectory.ts,extensions
extensions/download_management/util/extendApi.ts,extensions/download_management/util/extendApi.ts,extensions
extensions/download_management/util/getDownloadGames.ts,extensions/download_management/util/getDownloadGames.ts,extensions
extensions/download_management/util/getDownloadPath.ts,extensions/download_management/util/getDownloadPath.ts,extensions
extensions/download_management/util/postprocessDownload.ts,extensions/download_management/util/postprocessDownload.ts,extensions
extensions/download_management/util/queryDLInfo.ts,extensions/download_management/util/queryDLInfo.ts,extensions
extensions/download_management/util/setDownloadGames.ts,extensions/download_management/util/setDownloadGames.ts,extensions
extensions/download_management/util/throttle.ts,extensions/download_management/util/throttle.ts,extensions
extensions/download_management/types/IChunk.ts,extensions/download_management/types/IChunk.ts,extensions
extensions/download_management/types/IDownload.ts,extensions/download_management/types/IDownload.ts,extensions
extensions/download_management/types/IDownloadJob.ts,extensions/download_management/types/IDownloadJob.ts,extensions
extensions/download_management/types/IDownloadRemoveOptions.ts,extensions/download_management/types/IDownloadRemoveOptions.ts,extensions
extensions/download_management/types/IDownloadResult.ts,extensions/download_management/types/IDownloadResult.ts,extensions
extensions/download_management/types/IDownloadsAPIExtension.ts,extensions/download_management/types/IDownloadsAPIExtension.ts,extensions
extensions/download_management/types/IStartDownloadOptions.ts,extensions/download_management/types/IStartDownloadOptions.ts,extensions
extensions/download_management/types/ProgressCallback.ts,extensions/download_management/types/ProgressCallback.ts,extensions
extensions/download_management/types/ProtocolHandlers.ts,extensions/download_management/types/ProtocolHandlers.ts,extensions
extensions/download_management/reducers/settings.ts,extensions/download_management/reducers/settings.ts,extensions
extensions/download_management/reducers/state.ts,extensions/download_management/reducers/state.ts,extensions
extensions/download_management/reducers/transactions.ts,extensions/download_management/reducers/transactions.ts,extensions
extensions/download_management/debug/simulateHttpError.ts,extensions/download_management/debug/simulateHttpError.ts,extensions
extensions/download_management/actions/settings.ts,extensions/download_management/actions/settings.ts,extensions
extensions/download_management/actions/state.ts,extensions/download_management/actions/state.ts,extensions
extensions/download_management/actions/transactions.ts,extensions/download_management/actions/transactions.ts,extensions
extensions/diagnostics_files/index.ts,extensions/diagnostics_files/index.ts,extensions
extensions/diagnostics_files/views/DiagnosticsFilesDialog.tsx,extensions/diagnostics_files/views/DiagnosticsFilesDialog.tsx,extensions
extensions/diagnostics_files/util/loadVortexLogs.ts,extensions/diagnostics_files/util/loadVortexLogs.ts,extensions
extensions/diagnostics_files/types/ISession.ts,extensions/diagnostics_files/types/ISession.ts,extensions
extensions/dashboard/actions.ts,extensions/dashboard/actions.ts,extensions
extensions/dashboard/index.ts,extensions/dashboard/index.ts,extensions
extensions/dashboard/reducer.ts,extensions/dashboard/reducer.ts,extensions
extensions/dashboard/views/Dashboard.tsx,extensions/dashboard/views/Dashboard.tsx,extensions
extensions/dashboard/views/FixedItem.tsx,extensions/dashboard/views/FixedItem.tsx,extensions
extensions/dashboard/views/PackeryGrid.tsx,extensions/dashboard/views/PackeryGrid.tsx,extensions
extensions/dashboard/views/PackeryItem.tsx,extensions/dashboard/views/PackeryItem.tsx,extensions
extensions/dashboard/views/Settings.tsx,extensions/dashboard/views/Settings.tsx,extensions
extensions/dashboard/types/IDashletProps.ts,extensions/dashboard/types/IDashletProps.ts,extensions
extensions/collections_integration/index.ts,extensions/collections_integration/index.ts,extensions
extensions/collections_integration/selectors.ts,extensions/collections_integration/selectors.ts,extensions
extensions/collections_integration/types.ts,extensions/collections_integration/types.ts,extensions
extensions/collections_integration/util.ts,extensions/collections_integration/util.ts,extensions
extensions/category_management/index.ts,extensions/category_management/index.ts,extensions
extensions/category_management/selectors.ts,extensions/category_management/selectors.ts,extensions
extensions/category_management/views/CategoryDialog.tsx,extensions/category_management/views/CategoryDialog.tsx,extensions
extensions/category_management/views/CategoryList.tsx,extensions/category_management/views/CategoryList.tsx,extensions
extensions/category_management/util/CategoryFilter.tsx,extensions/category_management/util/CategoryFilter.tsx,extensions
extensions/category_management/util/createTreeDataObject.ts,extensions/category_management/util/createTreeDataObject.ts,extensions
extensions/category_management/util/generateSubtitle.ts,extensions/category_management/util/generateSubtitle.ts,extensions
extensions/category_management/util/retrieveCategoryPath.ts,extensions/category_management/util/retrieveCategoryPath.ts,extensions
extensions/category_management/types/ICategoryDictionary.ts,extensions/category_management/types/ICategoryDictionary.ts,extensions
extensions/category_management/types/ITrees.ts,extensions/category_management/types/ITrees.ts,extensions
extensions/category_management/reducers/category.ts,extensions/category_management/reducers/category.ts,extensions
extensions/category_management/reducers/session.ts,extensions/category_management/reducers/session.ts,extensions
extensions/category_management/actions/category.ts,extensions/category_management/actions/category.ts,extensions
extensions/category_management/actions/session.ts,extensions/category_management/actions/session.ts,extensions
extensions/browser/actions.ts,extensions/browser/actions.ts,extensions
extensions/browser/index.ts,extensions/browser/index.ts,extensions
extensions/browser/reducers.ts,extensions/browser/reducers.ts,extensions
extensions/browser/types.ts,extensions/browser/types.ts,extensions
extensions/browser/views/BrowserView.tsx,extensions/browser/views/BrowserView.tsx,extensions
extensions/browse_nexus/index.ts,extensions/browse_nexus/index.ts,extensions
extensions/browse_nexus/views/BrowseNexusPage.tsx,extensions/browse_nexus/views/BrowseNexusPage.tsx,extensions
extensions/announcement_dashlet/AnnouncementDashlet.tsx,extensions/announcement_dashlet/AnnouncementDashlet.tsx,extensions
extensions/announcement_dashlet/actions.ts,extensions/announcement_dashlet/actions.ts,extensions
extensions/announcement_dashlet/index.ts,extensions/announcement_dashlet/index.ts,extensions
extensions/announcement_dashlet/types.ts,extensions/announcement_dashlet/types.ts,extensions
extensions/announcement_dashlet/util.ts,extensions/announcement_dashlet/util.ts,extensions
extensions/announcement_dashlet/reducers/announcements.ts,extensions/announcement_dashlet/reducers/announcements.ts,extensions
extensions/announcement_dashlet/reducers/persistent.ts,extensions/announcement_dashlet/reducers/persistent.ts,extensions
extensions/announcement_dashlet/reducers/surveys.ts,extensions/announcement_dashlet/reducers/surveys.ts,extensions
extensions/analytics/constants.ts,extensions/analytics/constants.ts,extensions
extensions/analytics/index.ts,extensions/analytics/index.ts,extensions
extensions/analytics/types.ts,extensions/analytics/types.ts,extensions
extensions/analytics/views/SettingsAnalytics.tsx,extensions/analytics/views/SettingsAnalytics.tsx,extensions
extensions/analytics/utils/analyticsLog.ts,extensions/analytics/utils/analyticsLog.ts,extensions
extensions/analytics/reducers/settings.reducer.ts,extensions/analytics/reducers/settings.reducer.ts,extensions
extensions/analytics/mixpanel/MixpanelAnalytics.ts,extensions/analytics/mixpanel/MixpanelAnalytics.ts,extensions
extensions/analytics/mixpanel/MixpanelEvents.ts,extensions/analytics/mixpanel/MixpanelEvents.ts,extensions
extensions/analytics/actions/analytics.action.ts,extensions/analytics/actions/analytics.action.ts,extensions
extensions/about_dialog/index.ts,extensions/about_dialog/index.ts,extensions
extensions/about_dialog/views/AboutPage.tsx,extensions/about_dialog/views/AboutPage.tsx,extensions
extensions/about_dialog/types/ILicense.ts,extensions/about_dialog/types/ILicense.ts,extensions
actions/app.ts,actions/app.ts,actions
actions/index.ts,actions/index.ts,actions
actions/loadOrder.ts,actions/loadOrder.ts,actions
actions/notificationSettings.ts,actions/notificationSettings.ts,actions
actions/notifications.ts,actions/notifications.ts,actions
actions/safeCreateAction.ts,actions/safeCreateAction.ts,actions
actions/session.ts,actions/session.ts,actions
actions/tables.ts,actions/tables.ts,actions
actions/user.ts,actions/user.ts,actions
actions/window.ts,actions/window.ts,actions